Afghanistan,0,0,,,,,,,"Afghanistan,21.71,AFG"
Albania,0,"0,0",,,,,,,"Albania,13.40,ALB"
Algeria,0,"0,0,0",,,,,,,"Algeria,227.80,DZA"
American Samoa,0,"0,0,0,0",,,,,,,"American Samoa,0.75,ASM"
Andorra,0,"0,0,0,0,0",,,,,,,"Andorra,4.80,AND"
Angola,0,"0,0,0,0,0,0",,,,,,,"Angola,131.40,AGO"
Anguilla,0,"0,0,0,0,0,0,0",,,,,,,"Anguilla,0.18,AIA"
Antarctica,0,"0,0,0,0,0,0,0,0",,,,,,,"Antigua and Barbuda,1.24,ATG"
Antigua & Barbuda,0,"0,0,0,0,0,0,0,0,0",,,,,,,"Argentina,536.20,ARG"
Argentina,5,"0,0,0,0,0,0,0,0,0,5",,,,,,,"Armenia,10.88,ARM"
Armenia,0,"0,0,0,0,0,0,0,0,0,5,0",,,,,,,"Aruba,2.52,ABW"
Aruba,0,"0,0,0,0,0,0,0,0,0,5,0,0",,,,,,,"Australia,1483.00,AUS"
Australia,42,"0,0,0,0,0,0,0,0,0,5,0,0,42",,,,,,,"Austria,436.10,AUT"
Austria,13,"0,0,0,0,0,0,0,0,0,5,0,0,42,13",,,,,,,"Azerbaijan,77.91,AZE"
Azerbaijan,0,"0,0,0,0,0,0,0,0,0,5,0,0,42,13,0",,,,,,,"""Bahamas, The"",8.65,BHM"
Bahamas,0,"0,0,0,0,0,0,0,0,0,5,0,0,42,13,0,0",,,,,,,"Bahrain,34.05,BHR"
Bahrain,0,"0,0,0,0,0,0,0,0,0,5,0,0,42,13,0,0,0",,,,,,,"Bangladesh,186.60,BGD"
Bangladesh,0,"0,0,0,0,0,0,0,0,0,5,0,0,42,13,0,0,0,0",,,,,,,"Barbados,4.28,BRB"
Barbados,0,"0,0,0,0,0,0,0,0,0,5,0,0,42,13,0,0,0,0,0",,,,,,,"Belarus,75.25,BLR"
Belarus,0,"0,0,0,0,0,0,0,0,0,5,0,0,42,13,0,0,0,0,0,0",,,,,,,"Belgium,527.80,BEL"
Belgium,6,"0,0,0,0,0,0,0,0,0,5,0,0,42,13,0,0,0,0,0,0,6",,,,,,,"Belize,1.67,BLZ"
Belize,0,"0,0,0,0,0,0,0,0,0,5,0,0,42,13,0,0,0,0,0,0,6,0",,,,,,,"Benin,9.24,BEN"
Benin,0,"0,0,0,0,0,0,0,0,0,5,0,0,42,13,0,0,0,0,0,0,6,0,0",,,,,,,"Bermuda,5.20,BMU"
Bermuda,0,"0,0,0,0,0,0,0,0,0,5,0,0,42,13,0,0,0,0,0,0,6,0,0,0",,,,,,,"Bhutan,2.09,BTN"
Bhutan,0,"0,0,0,0,0,0,0,0,0,5,0,0,42,13,0,0,0,0,0,0,6,0,0,0,0",,,,,,,"Bolivia,34.08,BOL"
Bolivia,0,"0,0,0,0,0,0,0,0,0,5,0,0,42,13,0,0,0,0,0,0,6,0,0,0,0,0",,,,,,,"Bosnia and Herzegovina,19.55,BIH"
Bosnia & Herzegovina,0,"0,0,0,0,0,0,0,0,0,5,0,0,42,13,0,0,0,0,0,0,6,0,0,0,0,0,0",,,,,,,"Botswana,16.30,BWA"
Botswana,0,"0,0,0,0,0,0,0,0,0,5,0,0,42,13,0,0,0,0,0,0,6,0,0,0,0,0,0,0",,,,,,,"Brazil,2244.00,BRA"
Bouvet Island,0,"0,0,0,0,0,0,0,0,0,5,0,0,42,13,0,0,0,0,0,0,6,0,0,0,0,0,0,0,0",,,,,,,"British Virgin Islands,1.10,VGB"
Brazil,2,"0,0,0,0,0,0,0,0,0,5,0,0,42,13,0,0,0,0,0,0,6,0,0,0,0,0,0,0,0,2",,,,,,,"Brunei,17.43,BRN"
British Indian Ocean Territory,0,"0,0,0,0,0,0,0,0,0,5,0,0,42,13,0,0,0,0,0,0,6,0,0,0,0,0,0,0,0,2,0",,,,,,,"Bulgaria,55.08,BGR"
British Virgin Islands,0,"0,0,0,0,0,0,0,0,0,5,0,0,42,13,0,0,0,0,0,0,6,0,0,0,0,0,0,0,0,2,0,0",,,,,,,"Burkina Faso,13.38,BFA"
Brunei,0,"0,0,0,0,0,0,0,0,0,5,0,0,42,13,0,0,0,0,0,0,6,0,0,0,0,0,0,0,0,2,0,0,0",,,,,,,"Burma,65.29,MMR"
Bulgaria,0,"0,0,0,0,0,0,0,0,0,5,0,0,42,13,0,0,0,0,0,0,6,0,0,0,0,0,0,0,0,2,0,0,0,0",,,,,,,"Burundi,3.04,BDI"
Burkina Faso,0,"0,0,0,0,0,0,0,0,0,5,0,0,42,13,0,0,0,0,0,0,6,0,0,0,0,0,0,0,0,2,0,0,0,0,0",,,,,,,"Cabo Verde,1.98,CPV"
Burundi,0,"0,0,0,0,0,0,0,0,0,5,0,0,42,13,0,0,0,0,0,0,6,0,0,0,0,0,0,0,0,2,0,0,0,0,0,0",,,,,,,"Cambodia,16.90,KHM"
Cambodia,0,"0,0,0,0,0,0,0,0,0,5,0,0,42,13,0,0,0,0,0,0,6,0,0,0,0,0,0,0,0,2,0,0,0,0,0,0,0",,,,,,,"Cameroon,32.16,CMR"
Cameroon,0,"0,0,0,0,0,0,0,0,0,5,0,0,42,13,0,0,0,0,0,0,6,0,0,0,0,0,0,0,0,2,0,0,0,0,0,0,0,0",,,,,,,"Canada,1794.00,CAN"
Canada,41,"0,0,0,0,0,0,0,0,0,5,0,0,42,13,0,0,0,0,0,0,6,0,0,0,0,0,0,0,0,2,0,0,0,0,0,0,0,0,41",,,,,,,"Cayman Islands,2.25,CYM"
Cape Verde,0,"0,0,0,0,0,0,0,0,0,5,0,0,42,13,0,0,0,0,0,0,6,0,0,0,0,0,0,0,0,2,0,0,0,0,0,0,0,0,41,0",,,,,,,"Central African Republic,1.73,CAF"
Caribbean Netherlands,0,"0,0,0,0,0,0,0,0,0,5,0,0,42,13,0,0,0,0,0,0,6,0,0,0,0,0,0,0,0,2,0,0,0,0,0,0,0,0,41,0,0",,,,,,,"Chad,15.84,TCD"
Cayman Islands,0,"0,0,0,0,0,0,0,0,0,5,0,0,42,13,0,0,0,0,0,0,6,0,0,0,0,0,0,0,0,2,0,0,0,0,0,0,0,0,41,0,0,0",,,,,,,"Chile,264.10,CHL"
Central African Republic,0,"0,0,0,0,0,0,0,0,0,5,0,0,42,13,0,0,0,0,0,0,6,0,0,0,0,0,0,0,0,2,0,0,0,0,0,0,0,0,41,0,0,0,0",,,,,,,"China,10360.00,CHN"
Chad,0,"0,0,0,0,0,0,0,0,0,5,0,0,42,13,0,0,0,0,0,0,6,0,0,0,0,0,0,0,0,2,0,0,0,0,0,0,0,0,41,0,0,0,0,0",,,,,,,"Colombia,400.10,COL"
Chile,16,"0,0,0,0,0,0,0,0,0,5,0,0,42,13,0,0,0,0,0,0,6,0,0,0,0,0,0,0,0,2,0,0,0,0,0,0,0,0,41,0,0,0,0,0,16",,,,,,,"Comoros,0.72,COM"
China,0,"0,0,0,0,0,0,0,0,0,5,0,0,42,13,0,0,0,0,0,0,6,0,0,0,0,0,0,0,0,2,0,0,0,0,0,0,0,0,41,0,0,0,0,0,16,0",,,,,,,"""Congo, Democratic Republic of the"",32.67,COD"
Christmas Island,0,"0,0,0,0,0,0,0,0,0,5,0,0,42,13,0,0,0,0,0,0,6,0,0,0,0,0,0,0,0,2,0,0,0,0,0,0,0,0,41,0,0,0,0,0,16,0,0",,,,,,,"""Congo, Republic of the"",14.11,COG"
CíÇte däó»Ivoire,0,"0,0,0,0,0,0,0,0,0,5,0,0,42,13,0,0,0,0,0,0,6,0,0,0,0,0,0,0,0,2,0,0,0,0,0,0,0,0,41,0,0,0,0,0,16,0,0,0",,,,,,,"Cook Islands,0.18,COK"
Cocos (Keeling) Islands,0,"0,0,0,0,0,0,0,0,0,5,0,0,42,13,0,0,0,0,0,0,6,0,0,0,0,0,0,0,0,2,0,0,0,0,0,0,0,0,41,0,0,0,0,0,16,0,0,0,0",,,,,,,"Costa Rica,50.46,CRI"
Colombia,8,"0,0,0,0,0,0,0,0,0,5,0,0,42,13,0,0,0,0,0,0,6,0,0,0,0,0,0,0,0,2,0,0,0,0,0,0,0,0,41,0,0,0,0,0,16,0,0,0,0,8",,,,,,,"Cote d'Ivoire,33.96,CIV"
Comoros,0,"0,0,0,0,0,0,0,0,0,5,0,0,42,13,0,0,0,0,0,0,6,0,0,0,0,0,0,0,0,2,0,0,0,0,0,0,0,0,41,0,0,0,0,0,16,0,0,0,0,8,0",,,,,,,"Croatia,57.18,HRV"
Congo - Brazzaville,0,"0,0,0,0,0,0,0,0,0,5,0,0,42,13,0,0,0,0,0,0,6,0,0,0,0,0,0,0,0,2,0,0,0,0,0,0,0,0,41,0,0,0,0,0,16,0,0,0,0,8,0,0",,,,,,,"Cuba,77.15,CUB"
Congo - Kinshasa,0,"0,0,0,0,0,0,0,0,0,5,0,0,42,13,0,0,0,0,0,0,6,0,0,0,0,0,0,0,0,2,0,0,0,0,0,0,0,0,41,0,0,0,0,0,16,0,0,0,0,8,0,0,0",,,,,,,"Curacao,5.60,CUW"
Cook Islands,0,"0,0,0,0,0,0,0,0,0,5,0,0,42,13,0,0,0,0,0,0,6,0,0,0,0,0,0,0,0,2,0,0,0,0,0,0,0,0,41,0,0,0,0,0,16,0,0,0,0,8,0,0,0,0",,,,,,,"Cyprus,21.34,CYP"
Costa Rica,16,"0,0,0,0,0,0,0,0,0,5,0,0,42,13,0,0,0,0,0,0,6,0,0,0,0,0,0,0,0,2,0,0,0,0,0,0,0,0,41,0,0,0,0,0,16,0,0,0,0,8,0,0,0,0,16",,,,,,,"Czech Republic,205.60,CZE"
Croatia,9,"0,0,0,0,0,0,0,0,0,5,0,0,42,13,0,0,0,0,0,0,6,0,0,0,0,0,0,0,0,2,0,0,0,0,0,0,0,0,41,0,0,0,0,0,16,0,0,0,0,8,0,0,0,0,16,9",,,,,,,"Denmark,347.20,DNK"
Cuba,0,"0,0,0,0,0,0,0,0,0,5,0,0,42,13,0,0,0,0,0,0,6,0,0,0,0,0,0,0,0,2,0,0,0,0,0,0,0,0,41,0,0,0,0,0,16,0,0,0,0,8,0,0,0,0,16,9,0",,,,,,,"Djibouti,1.58,DJI"
Curaí_ao,0,"0,0,0,0,0,0,0,0,0,5,0,0,42,13,0,0,0,0,0,0,6,0,0,0,0,0,0,0,0,2,0,0,0,0,0,0,0,0,41,0,0,0,0,0,16,0,0,0,0,8,0,0,0,0,16,9,0,0",,,,,,,"Dominica,0.51,DMA"
Cyprus,0,"0,0,0,0,0,0,0,0,0,5,0,0,42,13,0,0,0,0,0,0,6,0,0,0,0,0,0,0,0,2,0,0,0,0,0,0,0,0,41,0,0,0,0,0,16,0,0,0,0,8,0,0,0,0,16,9,0,0,0",,,,,,,"Dominican Republic,64.05,DOM"
Czechia,6,"0,0,0,0,0,0,0,0,0,5,0,0,42,13,0,0,0,0,0,0,6,0,0,0,0,0,0,0,0,2,0,0,0,0,0,0,0,0,41,0,0,0,0,0,16,0,0,0,0,8,0,0,0,0,16,9,0,0,0,6",,,,,,,"Ecuador,100.50,ECU"
Denmark,10,"0,0,0,0,0,0,0,0,0,5,0,0,42,13,0,0,0,0,0,0,6,0,0,0,0,0,0,0,0,2,0,0,0,0,0,0,0,0,41,0,0,0,0,0,16,0,0,0,0,8,0,0,0,0,16,9,0,0,0,6,10",,,,,,,"Egypt,284.90,EGY"
Djibouti,0,"0,0,0,0,0,0,0,0,0,5,0,0,42,13,0,0,0,0,0,0,6,0,0,0,0,0,0,0,0,2,0,0,0,0,0,0,0,0,41,0,0,0,0,0,16,0,0,0,0,8,0,0,0,0,16,9,0,0,0,6,10,0",,,,,,,"El Salvador,25.14,SLV"
Dominica,0,"0,0,0,0,0,0,0,0,0,5,0,0,42,13,0,0,0,0,0,0,6,0,0,0,0,0,0,0,0,2,0,0,0,0,0,0,0,0,41,0,0,0,0,0,16,0,0,0,0,8,0,0,0,0,16,9,0,0,0,6,10,0,0",,,,,,,"Equatorial Guinea,15.40,GNQ"
Dominican Republic,19,"0,0,0,0,0,0,0,0,0,5,0,0,42,13,0,0,0,0,0,0,6,0,0,0,0,0,0,0,0,2,0,0,0,0,0,0,0,0,41,0,0,0,0,0,16,0,0,0,0,8,0,0,0,0,16,9,0,0,0,6,10,0,0,19",,,,,,,"Eritrea,3.87,ERI"
Ecuador,17,"0,0,0,0,0,0,0,0,0,5,0,0,42,13,0,0,0,0,0,0,6,0,0,0,0,0,0,0,0,2,0,0,0,0,0,0,0,0,41,0,0,0,0,0,16,0,0,0,0,8,0,0,0,0,16,9,0,0,0,6,10,0,0,19,17",,,,,,,"Estonia,26.36,EST"
Egypt,0,"0,0,0,0,0,0,0,0,0,5,0,0,42,13,0,0,0,0,0,0,6,0,0,0,0,0,0,0,0,2,0,0,0,0,0,0,0,0,41,0,0,0,0,0,16,0,0,0,0,8,0,0,0,0,16,9,0,0,0,6,10,0,0,19,17,0",,,,,,,"Ethiopia,49.86,ETH"
El Salvador,0,"0,0,0,0,0,0,0,0,0,5,0,0,42,13,0,0,0,0,0,0,6,0,0,0,0,0,0,0,0,2,0,0,0,0,0,0,0,0,41,0,0,0,0,0,16,0,0,0,0,8,0,0,0,0,16,9,0,0,0,6,10,0,0,19,17,0,0",,,,,,,"Falkland Islands (Islas Malvinas),0.16,FLK"
Equatorial Guinea,0,"0,0,0,0,0,0,0,0,0,5,0,0,42,13,0,0,0,0,0,0,6,0,0,0,0,0,0,0,0,2,0,0,0,0,0,0,0,0,41,0,0,0,0,0,16,0,0,0,0,8,0,0,0,0,16,9,0,0,0,6,10,0,0,19,17,0,0,0",,,,,,,"Faroe Islands,2.32,FRO"
Eritrea,0,"0,0,0,0,0,0,0,0,0,5,0,0,42,13,0,0,0,0,0,0,6,0,0,0,0,0,0,0,0,2,0,0,0,0,0,0,0,0,41,0,0,0,0,0,16,0,0,0,0,8,0,0,0,0,16,9,0,0,0,6,10,0,0,19,17,0,0,0,0",,,,,,,"Fiji,4.17,FJI"
Estonia,0,"0,0,0,0,0,0,0,0,0,5,0,0,42,13,0,0,0,0,0,0,6,0,0,0,0,0,0,0,0,2,0,0,0,0,0,0,0,0,41,0,0,0,0,0,16,0,0,0,0,8,0,0,0,0,16,9,0,0,0,6,10,0,0,19,17,0,0,0,0,0",,,,,,,"Finland,276.30,FIN"
Ethiopia,0,"0,0,0,0,0,0,0,0,0,5,0,0,42,13,0,0,0,0,0,0,6,0,0,0,0,0,0,0,0,2,0,0,0,0,0,0,0,0,41,0,0,0,0,0,16,0,0,0,0,8,0,0,0,0,16,9,0,0,0,6,10,0,0,19,17,0,0,0,0,0,0",,,,,,,"France,2902.00,FRA"
Falkland Islands (Islas Malvinas),0,"0,0,0,0,0,0,0,0,0,5,0,0,42,13,0,0,0,0,0,0,6,0,0,0,0,0,0,0,0,2,0,0,0,0,0,0,0,0,41,0,0,0,0,0,16,0,0,0,0,8,0,0,0,0,16,9,0,0,0,6,10,0,0,19,17,0,0,0,0,0,0,0",,,,,,,"French Polynesia,7.15,PYF"
Faroe Islands,0,"0,0,0,0,0,0,0,0,0,5,0,0,42,13,0,0,0,0,0,0,6,0,0,0,0,0,0,0,0,2,0,0,0,0,0,0,0,0,41,0,0,0,0,0,16,0,0,0,0,8,0,0,0,0,16,9,0,0,0,6,10,0,0,19,17,0,0,0,0,0,0,0,0",,,,,,,"Gabon,20.68,GAB"
Fiji,0,"0,0,0,0,0,0,0,0,0,5,0,0,42,13,0,0,0,0,0,0,6,0,0,0,0,0,0,0,0,2,0,0,0,0,0,0,0,0,41,0,0,0,0,0,16,0,0,0,0,8,0,0,0,0,16,9,0,0,0,6,10,0,0,19,17,0,0,0,0,0,0,0,0,0",,,,,,,"""Gambia, The"",0.92,GMB"
Finland,15,"0,0,0,0,0,0,0,0,0,5,0,0,42,13,0,0,0,0,0,0,6,0,0,0,0,0,0,0,0,2,0,0,0,0,0,0,0,0,41,0,0,0,0,0,16,0,0,0,0,8,0,0,0,0,16,9,0,0,0,6,10,0,0,19,17,0,0,0,0,0,0,0,0,0,15",,,,,,,"Georgia,16.13,GEO"
France,3,"0,0,0,0,0,0,0,0,0,5,0,0,42,13,0,0,0,0,0,0,6,0,0,0,0,0,0,0,0,2,0,0,0,0,0,0,0,0,41,0,0,0,0,0,16,0,0,0,0,8,0,0,0,0,16,9,0,0,0,6,10,0,0,19,17,0,0,0,0,0,0,0,0,0,15,3",,,,,,,"Germany,3820.00,DEU"
French Guiana,0,"0,0,0,0,0,0,0,0,0,5,0,0,42,13,0,0,0,0,0,0,6,0,0,0,0,0,0,0,0,2,0,0,0,0,0,0,0,0,41,0,0,0,0,0,16,0,0,0,0,8,0,0,0,0,16,9,0,0,0,6,10,0,0,19,17,0,0,0,0,0,0,0,0,0,15,3,0",,,,,,,"Ghana,35.48,GHA"
French Polynesia,0,"0,0,0,0,0,0,0,0,0,5,0,0,42,13,0,0,0,0,0,0,6,0,0,0,0,0,0,0,0,2,0,0,0,0,0,0,0,0,41,0,0,0,0,0,16,0,0,0,0,8,0,0,0,0,16,9,0,0,0,6,10,0,0,19,17,0,0,0,0,0,0,0,0,0,15,3,0,0",,,,,,,"Gibraltar,1.85,GIB"
French Southern Territories,0,"0,0,0,0,0,0,0,0,0,5,0,0,42,13,0,0,0,0,0,0,6,0,0,0,0,0,0,0,0,2,0,0,0,0,0,0,0,0,41,0,0,0,0,0,16,0,0,0,0,8,0,0,0,0,16,9,0,0,0,6,10,0,0,19,17,0,0,0,0,0,0,0,0,0,15,3,0,0,0",,,,,,,"Greece,246.40,GRC"
Gabon,0,"0,0,0,0,0,0,0,0,0,5,0,0,42,13,0,0,0,0,0,0,6,0,0,0,0,0,0,0,0,2,0,0,0,0,0,0,0,0,41,0,0,0,0,0,16,0,0,0,0,8,0,0,0,0,16,9,0,0,0,6,10,0,0,19,17,0,0,0,0,0,0,0,0,0,15,3,0,0,0,0",,,,,,,"Greenland,2.16,GRL"
Gambia,0,"0,0,0,0,0,0,0,0,0,5,0,0,42,13,0,0,0,0,0,0,6,0,0,0,0,0,0,0,0,2,0,0,0,0,0,0,0,0,41,0,0,0,0,0,16,0,0,0,0,8,0,0,0,0,16,9,0,0,0,6,10,0,0,19,17,0,0,0,0,0,0,0,0,0,15,3,0,0,0,0,0",,,,,,,"Grenada,0.84,GRD"
Georgia,0,"0,0,0,0,0,0,0,0,0,5,0,0,42,13,0,0,0,0,0,0,6,0,0,0,0,0,0,0,0,2,0,0,0,0,0,0,0,0,41,0,0,0,0,0,16,0,0,0,0,8,0,0,0,0,16,9,0,0,0,6,10,0,0,19,17,0,0,0,0,0,0,0,0,0,15,3,0,0,0,0,0,0",,,,,,,"Guam,4.60,GUM"
Germany,8,"0,0,0,0,0,0,0,0,0,5,0,0,42,13,0,0,0,0,0,0,6,0,0,0,0,0,0,0,0,2,0,0,0,0,0,0,0,0,41,0,0,0,0,0,16,0,0,0,0,8,0,0,0,0,16,9,0,0,0,6,10,0,0,19,17,0,0,0,0,0,0,0,0,0,15,3,0,0,0,0,0,0,8",,,,,,,"Guatemala,58.30,GTM"
Ghana,0,"0,0,0,0,0,0,0,0,0,5,0,0,42,13,0,0,0,0,0,0,6,0,0,0,0,0,0,0,0,2,0,0,0,0,0,0,0,0,41,0,0,0,0,0,16,0,0,0,0,8,0,0,0,0,16,9,0,0,0,6,10,0,0,19,17,0,0,0,0,0,0,0,0,0,15,3,0,0,0,0,0,0,8,0",,,,,,,"Guernsey,2.74,GGY"
Gibraltar,0,"0,0,0,0,0,0,0,0,0,5,0,0,42,13,0,0,0,0,0,0,6,0,0,0,0,0,0,0,0,2,0,0,0,0,0,0,0,0,41,0,0,0,0,0,16,0,0,0,0,8,0,0,0,0,16,9,0,0,0,6,10,0,0,19,17,0,0,0,0,0,0,0,0,0,15,3,0,0,0,0,0,0,8,0,0",,,,,,,"Guinea-Bissau,1.04,GNB"
Greece,0,"0,0,0,0,0,0,0,0,0,5,0,0,42,13,0,0,0,0,0,0,6,0,0,0,0,0,0,0,0,2,0,0,0,0,0,0,0,0,41,0,0,0,0,0,16,0,0,0,0,8,0,0,0,0,16,9,0,0,0,6,10,0,0,19,17,0,0,0,0,0,0,0,0,0,15,3,0,0,0,0,0,0,8,0,0,0",,,,,,,"Guinea,6.77,GIN"
Greenland,0,"0,0,0,0,0,0,0,0,0,5,0,0,42,13,0,0,0,0,0,0,6,0,0,0,0,0,0,0,0,2,0,0,0,0,0,0,0,0,41,0,0,0,0,0,16,0,0,0,0,8,0,0,0,0,16,9,0,0,0,6,10,0,0,19,17,0,0,0,0,0,0,0,0,0,15,3,0,0,0,0,0,0,8,0,0,0,0",,,,,,,"Guyana,3.14,GUY"
Grenada,0,"0,0,0,0,0,0,0,0,0,5,0,0,42,13,0,0,0,0,0,0,6,0,0,0,0,0,0,0,0,2,0,0,0,0,0,0,0,0,41,0,0,0,0,0,16,0,0,0,0,8,0,0,0,0,16,9,0,0,0,6,10,0,0,19,17,0,0,0,0,0,0,0,0,0,15,3,0,0,0,0,0,0,8,0,0,0,0,0",,,,,,,"Haiti,8.92,HTI"
Guadeloupe,0,"0,0,0,0,0,0,0,0,0,5,0,0,42,13,0,0,0,0,0,0,6,0,0,0,0,0,0,0,0,2,0,0,0,0,0,0,0,0,41,0,0,0,0,0,16,0,0,0,0,8,0,0,0,0,16,9,0,0,0,6,10,0,0,19,17,0,0,0,0,0,0,0,0,0,15,3,0,0,0,0,0,0,8,0,0,0,0,0,0",,,,,,,"Honduras,19.37,HND"
Guam,0,"0,0,0,0,0,0,0,0,0,5,0,0,42,13,0,0,0,0,0,0,6,0,0,0,0,0,0,0,0,2,0,0,0,0,0,0,0,0,41,0,0,0,0,0,16,0,0,0,0,8,0,0,0,0,16,9,0,0,0,6,10,0,0,19,17,0,0,0,0,0,0,0,0,0,15,3,0,0,0,0,0,0,8,0,0,0,0,0,0,0",,,,,,,"Hong Kong,292.70,HKG"
Guatemala,20,"0,0,0,0,0,0,0,0,0,5,0,0,42,13,0,0,0,0,0,0,6,0,0,0,0,0,0,0,0,2,0,0,0,0,0,0,0,0,41,0,0,0,0,0,16,0,0,0,0,8,0,0,0,0,16,9,0,0,0,6,10,0,0,19,17,0,0,0,0,0,0,0,0,0,15,3,0,0,0,0,0,0,8,0,0,0,0,0,0,0,20",,,,,,,"Hungary,129.70,HUN"
Guernsey,0,"0,0,0,0,0,0,0,0,0,5,0,0,42,13,0,0,0,0,0,0,6,0,0,0,0,0,0,0,0,2,0,0,0,0,0,0,0,0,41,0,0,0,0,0,16,0,0,0,0,8,0,0,0,0,16,9,0,0,0,6,10,0,0,19,17,0,0,0,0,0,0,0,0,0,15,3,0,0,0,0,0,0,8,0,0,0,0,0,0,0,20,0",,,,,,,"Iceland,16.20,ISL"
Guinea,0,"0,0,0,0,0,0,0,0,0,5,0,0,42,13,0,0,0,0,0,0,6,0,0,0,0,0,0,0,0,2,0,0,0,0,0,0,0,0,41,0,0,0,0,0,16,0,0,0,0,8,0,0,0,0,16,9,0,0,0,6,10,0,0,19,17,0,0,0,0,0,0,0,0,0,15,3,0,0,0,0,0,0,8,0,0,0,0,0,0,0,20,0,0",,,,,,,"India,2048.00,IND"
Guinea-Bissau,0,"0,0,0,0,0,0,0,0,0,5,0,0,42,13,0,0,0,0,0,0,6,0,0,0,0,0,0,0,0,2,0,0,0,0,0,0,0,0,41,0,0,0,0,0,16,0,0,0,0,8,0,0,0,0,16,9,0,0,0,6,10,0,0,19,17,0,0,0,0,0,0,0,0,0,15,3,0,0,0,0,0,0,8,0,0,0,0,0,0,0,20,0,0,0",,,,,,,"Indonesia,856.10,IDN"
Guyana,0,"0,0,0,0,0,0,0,0,0,5,0,0,42,13,0,0,0,0,0,0,6,0,0,0,0,0,0,0,0,2,0,0,0,0,0,0,0,0,41,0,0,0,0,0,16,0,0,0,0,8,0,0,0,0,16,9,0,0,0,6,10,0,0,19,17,0,0,0,0,0,0,0,0,0,15,3,0,0,0,0,0,0,8,0,0,0,0,0,0,0,20,0,0,0,0",,,,,,,"Iran,402.70,IRN"
Haiti,0,"0,0,0,0,0,0,0,0,0,5,0,0,42,13,0,0,0,0,0,0,6,0,0,0,0,0,0,0,0,2,0,0,0,0,0,0,0,0,41,0,0,0,0,0,16,0,0,0,0,8,0,0,0,0,16,9,0,0,0,6,10,0,0,19,17,0,0,0,0,0,0,0,0,0,15,3,0,0,0,0,0,0,8,0,0,0,0,0,0,0,20,0,0,0,0,0",,,,,,,"Iraq,232.20,IRQ"
Heard & McDonald Islands,0,"0,0,0,0,0,0,0,0,0,5,0,0,42,13,0,0,0,0,0,0,6,0,0,0,0,0,0,0,0,2,0,0,0,0,0,0,0,0,41,0,0,0,0,0,16,0,0,0,0,8,0,0,0,0,16,9,0,0,0,6,10,0,0,19,17,0,0,0,0,0,0,0,0,0,15,3,0,0,0,0,0,0,8,0,0,0,0,0,0,0,20,0,0,0,0,0,0",,,,,,,"Ireland,245.80,IRL"
Honduras,0,"0,0,0,0,0,0,0,0,0,5,0,0,42,13,0,0,0,0,0,0,6,0,0,0,0,0,0,0,0,2,0,0,0,0,0,0,0,0,41,0,0,0,0,0,16,0,0,0,0,8,0,0,0,0,16,9,0,0,0,6,10,0,0,19,17,0,0,0,0,0,0,0,0,0,15,3,0,0,0,0,0,0,8,0,0,0,0,0,0,0,20,0,0,0,0,0,0,0",,,,,,,"Isle of Man,4.08,IMN"
Hong Kong,20,"0,0,0,0,0,0,0,0,0,5,0,0,42,13,0,0,0,0,0,0,6,0,0,0,0,0,0,0,0,2,0,0,0,0,0,0,0,0,41,0,0,0,0,0,16,0,0,0,0,8,0,0,0,0,16,9,0,0,0,6,10,0,0,19,17,0,0,0,0,0,0,0,0,0,15,3,0,0,0,0,0,0,8,0,0,0,0,0,0,0,20,0,0,0,0,0,0,0,20",,,,,,,"Israel,305.00,ISR"
Hungary,0,"0,0,0,0,0,0,0,0,0,5,0,0,42,13,0,0,0,0,0,0,6,0,0,0,0,0,0,0,0,2,0,0,0,0,0,0,0,0,41,0,0,0,0,0,16,0,0,0,0,8,0,0,0,0,16,9,0,0,0,6,10,0,0,19,17,0,0,0,0,0,0,0,0,0,15,3,0,0,0,0,0,0,8,0,0,0,0,0,0,0,20,0,0,0,0,0,0,0,20,0",,,,,,,"Italy,2129.00,ITA"
Iceland,0,"0,0,0,0,0,0,0,0,0,5,0,0,42,13,0,0,0,0,0,0,6,0,0,0,0,0,0,0,0,2,0,0,0,0,0,0,0,0,41,0,0,0,0,0,16,0,0,0,0,8,0,0,0,0,16,9,0,0,0,6,10,0,0,19,17,0,0,0,0,0,0,0,0,0,15,3,0,0,0,0,0,0,8,0,0,0,0,0,0,0,20,0,0,0,0,0,0,0,20,0,0",,,,,,,"Jamaica,13.92,JAM"
íƒland Islands,0,"0,0,0,0,0,0,0,0,0,5,0,0,42,13,0,0,0,0,0,0,6,0,0,0,0,0,0,0,0,2,0,0,0,0,0,0,0,0,41,0,0,0,0,0,16,0,0,0,0,8,0,0,0,0,16,9,0,0,0,6,10,0,0,19,17,0,0,0,0,0,0,0,0,0,15,3,0,0,0,0,0,0,8,0,0,0,0,0,0,0,20,0,0,0,0,0,0,0,20,0,0,0",,,,,,,"Japan,4770.00,JPN"
India,4,"0,0,0,0,0,0,0,0,0,5,0,0,42,13,0,0,0,0,0,0,6,0,0,0,0,0,0,0,0,2,0,0,0,0,0,0,0,0,41,0,0,0,0,0,16,0,0,0,0,8,0,0,0,0,16,9,0,0,0,6,10,0,0,19,17,0,0,0,0,0,0,0,0,0,15,3,0,0,0,0,0,0,8,0,0,0,0,0,0,0,20,0,0,0,0,0,0,0,20,0,0,0,4",,,,,,,"Jersey,5.77,JEY"
Indonesia,5,"0,0,0,0,0,0,0,0,0,5,0,0,42,13,0,0,0,0,0,0,6,0,0,0,0,0,0,0,0,2,0,0,0,0,0,0,0,0,41,0,0,0,0,0,16,0,0,0,0,8,0,0,0,0,16,9,0,0,0,6,10,0,0,19,17,0,0,0,0,0,0,0,0,0,15,3,0,0,0,0,0,0,8,0,0,0,0,0,0,0,20,0,0,0,0,0,0,0,20,0,0,0,4,5",,,,,,,"Jordan,36.55,JOR"
Iran,0,"0,0,0,0,0,0,0,0,0,5,0,0,42,13,0,0,0,0,0,0,6,0,0,0,0,0,0,0,0,2,0,0,0,0,0,0,0,0,41,0,0,0,0,0,16,0,0,0,0,8,0,0,0,0,16,9,0,0,0,6,10,0,0,19,17,0,0,0,0,0,0,0,0,0,15,3,0,0,0,0,0,0,8,0,0,0,0,0,0,0,20,0,0,0,0,0,0,0,20,0,0,0,4,5,0",,,,,,,"Kazakhstan,225.60,KAZ"
Iraq,0,"0,0,0,0,0,0,0,0,0,5,0,0,42,13,0,0,0,0,0,0,6,0,0,0,0,0,0,0,0,2,0,0,0,0,0,0,0,0,41,0,0,0,0,0,16,0,0,0,0,8,0,0,0,0,16,9,0,0,0,6,10,0,0,19,17,0,0,0,0,0,0,0,0,0,15,3,0,0,0,0,0,0,8,0,0,0,0,0,0,0,20,0,0,0,0,0,0,0,20,0,0,0,4,5,0,0",,,,,,,"Kenya,62.72,KEN"
Ireland,39,"0,0,0,0,0,0,0,0,0,5,0,0,42,13,0,0,0,0,0,0,6,0,0,0,0,0,0,0,0,2,0,0,0,0,0,0,0,0,41,0,0,0,0,0,16,0,0,0,0,8,0,0,0,0,16,9,0,0,0,6,10,0,0,19,17,0,0,0,0,0,0,0,0,0,15,3,0,0,0,0,0,0,8,0,0,0,0,0,0,0,20,0,0,0,0,0,0,0,20,0,0,0,4,5,0,0,39",,,,,,,"Kiribati,0.16,KIR"
Isle of Man,0,"0,0,0,0,0,0,0,0,0,5,0,0,42,13,0,0,0,0,0,0,6,0,0,0,0,0,0,0,0,2,0,0,0,0,0,0,0,0,41,0,0,0,0,0,16,0,0,0,0,8,0,0,0,0,16,9,0,0,0,6,10,0,0,19,17,0,0,0,0,0,0,0,0,0,15,3,0,0,0,0,0,0,8,0,0,0,0,0,0,0,20,0,0,0,0,0,0,0,20,0,0,0,4,5,0,0,39,0",,,,,,,"""Korea, North"",28.00,PRK"
Israel,0,"0,0,0,0,0,0,0,0,0,5,0,0,42,13,0,0,0,0,0,0,6,0,0,0,0,0,0,0,0,2,0,0,0,0,0,0,0,0,41,0,0,0,0,0,16,0,0,0,0,8,0,0,0,0,16,9,0,0,0,6,10,0,0,19,17,0,0,0,0,0,0,0,0,0,15,3,0,0,0,0,0,0,8,0,0,0,0,0,0,0,20,0,0,0,0,0,0,0,20,0,0,0,4,5,0,0,39,0,0",,,,,,,"""Korea, South"",1410.00,KOR"
Italy,4,"0,0,0,0,0,0,0,0,0,5,0,0,42,13,0,0,0,0,0,0,6,0,0,0,0,0,0,0,0,2,0,0,0,0,0,0,0,0,41,0,0,0,0,0,16,0,0,0,0,8,0,0,0,0,16,9,0,0,0,6,10,0,0,19,17,0,0,0,0,0,0,0,0,0,15,3,0,0,0,0,0,0,8,0,0,0,0,0,0,0,20,0,0,0,0,0,0,0,20,0,0,0,4,5,0,0,39,0,0,4",,,,,,,"Kosovo,5.99,KSV"
Jamaica,70,"0,0,0,0,0,0,0,0,0,5,0,0,42,13,0,0,0,0,0,0,6,0,0,0,0,0,0,0,0,2,0,0,0,0,0,0,0,0,41,0,0,0,0,0,16,0,0,0,0,8,0,0,0,0,16,9,0,0,0,6,10,0,0,19,17,0,0,0,0,0,0,0,0,0,15,3,0,0,0,0,0,0,8,0,0,0,0,0,0,0,20,0,0,0,0,0,0,0,20,0,0,0,4,5,0,0,39,0,0,4,70",,,,,,,"Kuwait,179.30,KWT"
Japan,1,"0,0,0,0,0,0,0,0,0,5,0,0,42,13,0,0,0,0,0,0,6,0,0,0,0,0,0,0,0,2,0,0,0,0,0,0,0,0,41,0,0,0,0,0,16,0,0,0,0,8,0,0,0,0,16,9,0,0,0,6,10,0,0,19,17,0,0,0,0,0,0,0,0,0,15,3,0,0,0,0,0,0,8,0,0,0,0,0,0,0,20,0,0,0,0,0,0,0,20,0,0,0,4,5,0,0,39,0,0,4,70,1",,,,,,,"Kyrgyzstan,7.65,KGZ"
Jersey,0,"0,0,0,0,0,0,0,0,0,5,0,0,42,13,0,0,0,0,0,0,6,0,0,0,0,0,0,0,0,2,0,0,0,0,0,0,0,0,41,0,0,0,0,0,16,0,0,0,0,8,0,0,0,0,16,9,0,0,0,6,10,0,0,19,17,0,0,0,0,0,0,0,0,0,15,3,0,0,0,0,0,0,8,0,0,0,0,0,0,0,20,0,0,0,0,0,0,0,20,0,0,0,4,5,0,0,39,0,0,4,70,1,0",,,,,,,"Laos,11.71,LAO"
Jordan,0,"0,0,0,0,0,0,0,0,0,5,0,0,42,13,0,0,0,0,0,0,6,0,0,0,0,0,0,0,0,2,0,0,0,0,0,0,0,0,41,0,0,0,0,0,16,0,0,0,0,8,0,0,0,0,16,9,0,0,0,6,10,0,0,19,17,0,0,0,0,0,0,0,0,0,15,3,0,0,0,0,0,0,8,0,0,0,0,0,0,0,20,0,0,0,0,0,0,0,20,0,0,0,4,5,0,0,39,0,0,4,70,1,0,0",,,,,,,"Latvia,32.82,LVA"
Kazakhstan,0,"0,0,0,0,0,0,0,0,0,5,0,0,42,13,0,0,0,0,0,0,6,0,0,0,0,0,0,0,0,2,0,0,0,0,0,0,0,0,41,0,0,0,0,0,16,0,0,0,0,8,0,0,0,0,16,9,0,0,0,6,10,0,0,19,17,0,0,0,0,0,0,0,0,0,15,3,0,0,0,0,0,0,8,0,0,0,0,0,0,0,20,0,0,0,0,0,0,0,20,0,0,0,4,5,0,0,39,0,0,4,70,1,0,0,0",,,,,,,"Lebanon,47.50,LBN"
Kenya,0,"0,0,0,0,0,0,0,0,0,5,0,0,42,13,0,0,0,0,0,0,6,0,0,0,0,0,0,0,0,2,0,0,0,0,0,0,0,0,41,0,0,0,0,0,16,0,0,0,0,8,0,0,0,0,16,9,0,0,0,6,10,0,0,19,17,0,0,0,0,0,0,0,0,0,15,3,0,0,0,0,0,0,8,0,0,0,0,0,0,0,20,0,0,0,0,0,0,0,20,0,0,0,4,5,0,0,39,0,0,4,70,1,0,0,0,0",,,,,,,"Lesotho,2.46,LSO"
Kiribati,0,"0,0,0,0,0,0,0,0,0,5,0,0,42,13,0,0,0,0,0,0,6,0,0,0,0,0,0,0,0,2,0,0,0,0,0,0,0,0,41,0,0,0,0,0,16,0,0,0,0,8,0,0,0,0,16,9,0,0,0,6,10,0,0,19,17,0,0,0,0,0,0,0,0,0,15,3,0,0,0,0,0,0,8,0,0,0,0,0,0,0,20,0,0,0,0,0,0,0,20,0,0,0,4,5,0,0,39,0,0,4,70,1,0,0,0,0,0",,,,,,,"Liberia,2.07,LBR"
Kosovo,0,"0,0,0,0,0,0,0,0,0,5,0,0,42,13,0,0,0,0,0,0,6,0,0,0,0,0,0,0,0,2,0,0,0,0,0,0,0,0,41,0,0,0,0,0,16,0,0,0,0,8,0,0,0,0,16,9,0,0,0,6,10,0,0,19,17,0,0,0,0,0,0,0,0,0,15,3,0,0,0,0,0,0,8,0,0,0,0,0,0,0,20,0,0,0,0,0,0,0,20,0,0,0,4,5,0,0,39,0,0,4,70,1,0,0,0,0,0,0",,,,,,,"Libya,49.34,LBY"
Kuwait,0,"0,0,0,0,0,0,0,0,0,5,0,0,42,13,0,0,0,0,0,0,6,0,0,0,0,0,0,0,0,2,0,0,0,0,0,0,0,0,41,0,0,0,0,0,16,0,0,0,0,8,0,0,0,0,16,9,0,0,0,6,10,0,0,19,17,0,0,0,0,0,0,0,0,0,15,3,0,0,0,0,0,0,8,0,0,0,0,0,0,0,20,0,0,0,0,0,0,0,20,0,0,0,4,5,0,0,39,0,0,4,70,1,0,0,0,0,0,0,0",,,,,,,"Liechtenstein,5.11,LIE"
Kyrgyzstan,0,"0,0,0,0,0,0,0,0,0,5,0,0,42,13,0,0,0,0,0,0,6,0,0,0,0,0,0,0,0,2,0,0,0,0,0,0,0,0,41,0,0,0,0,0,16,0,0,0,0,8,0,0,0,0,16,9,0,0,0,6,10,0,0,19,17,0,0,0,0,0,0,0,0,0,15,3,0,0,0,0,0,0,8,0,0,0,0,0,0,0,20,0,0,0,0,0,0,0,20,0,0,0,4,5,0,0,39,0,0,4,70,1,0,0,0,0,0,0,0,0",,,,,,,"Lithuania,48.72,LTU"
Laos,0,"0,0,0,0,0,0,0,0,0,5,0,0,42,13,0,0,0,0,0,0,6,0,0,0,0,0,0,0,0,2,0,0,0,0,0,0,0,0,41,0,0,0,0,0,16,0,0,0,0,8,0,0,0,0,16,9,0,0,0,6,10,0,0,19,17,0,0,0,0,0,0,0,0,0,15,3,0,0,0,0,0,0,8,0,0,0,0,0,0,0,20,0,0,0,0,0,0,0,20,0,0,0,4,5,0,0,39,0,0,4,70,1,0,0,0,0,0,0,0,0,0",,,,,,,"Luxembourg,63.93,LUX"
Latvia,0,"0,0,0,0,0,0,0,0,0,5,0,0,42,13,0,0,0,0,0,0,6,0,0,0,0,0,0,0,0,2,0,0,0,0,0,0,0,0,41,0,0,0,0,0,16,0,0,0,0,8,0,0,0,0,16,9,0,0,0,6,10,0,0,19,17,0,0,0,0,0,0,0,0,0,15,3,0,0,0,0,0,0,8,0,0,0,0,0,0,0,20,0,0,0,0,0,0,0,20,0,0,0,4,5,0,0,39,0,0,4,70,1,0,0,0,0,0,0,0,0,0,0",,,,,,,"Macau,51.68,MAC"
Lebanon,0,"0,0,0,0,0,0,0,0,0,5,0,0,42,13,0,0,0,0,0,0,6,0,0,0,0,0,0,0,0,2,0,0,0,0,0,0,0,0,41,0,0,0,0,0,16,0,0,0,0,8,0,0,0,0,16,9,0,0,0,6,10,0,0,19,17,0,0,0,0,0,0,0,0,0,15,3,0,0,0,0,0,0,8,0,0,0,0,0,0,0,20,0,0,0,0,0,0,0,20,0,0,0,4,5,0,0,39,0,0,4,70,1,0,0,0,0,0,0,0,0,0,0,0",,,,,,,"Macedonia,10.92,MKD"
Lesotho,0,"0,0,0,0,0,0,0,0,0,5,0,0,42,13,0,0,0,0,0,0,6,0,0,0,0,0,0,0,0,2,0,0,0,0,0,0,0,0,41,0,0,0,0,0,16,0,0,0,0,8,0,0,0,0,16,9,0,0,0,6,10,0,0,19,17,0,0,0,0,0,0,0,0,0,15,3,0,0,0,0,0,0,8,0,0,0,0,0,0,0,20,0,0,0,0,0,0,0,20,0,0,0,4,5,0,0,39,0,0,4,70,1,0,0,0,0,0,0,0,0,0,0,0,0",,,,,,,"Madagascar,11.19,MDG"
Liberia,0,"0,0,0,0,0,0,0,0,0,5,0,0,42,13,0,0,0,0,0,0,6,0,0,0,0,0,0,0,0,2,0,0,0,0,0,0,0,0,41,0,0,0,0,0,16,0,0,0,0,8,0,0,0,0,16,9,0,0,0,6,10,0,0,19,17,0,0,0,0,0,0,0,0,0,15,3,0,0,0,0,0,0,8,0,0,0,0,0,0,0,20,0,0,0,0,0,0,0,20,0,0,0,4,5,0,0,39,0,0,4,70,1,0,0,0,0,0,0,0,0,0,0,0,0,0",,,,,,,"Malawi,4.41,MWI"
Libya,0,"0,0,0,0,0,0,0,0,0,5,0,0,42,13,0,0,0,0,0,0,6,0,0,0,0,0,0,0,0,2,0,0,0,0,0,0,0,0,41,0,0,0,0,0,16,0,0,0,0,8,0,0,0,0,16,9,0,0,0,6,10,0,0,19,17,0,0,0,0,0,0,0,0,0,15,3,0,0,0,0,0,0,8,0,0,0,0,0,0,0,20,0,0,0,0,0,0,0,20,0,0,0,4,5,0,0,39,0,0,4,70,1,0,0,0,0,0,0,0,0,0,0,0,0,0,0",,,,,,,"Malaysia,336.90,MYS"
Liechtenstein,0,"0,0,0,0,0,0,0,0,0,5,0,0,42,13,0,0,0,0,0,0,6,0,0,0,0,0,0,0,0,2,0,0,0,0,0,0,0,0,41,0,0,0,0,0,16,0,0,0,0,8,0,0,0,0,16,9,0,0,0,6,10,0,0,19,17,0,0,0,0,0,0,0,0,0,15,3,0,0,0,0,0,0,8,0,0,0,0,0,0,0,20,0,0,0,0,0,0,0,20,0,0,0,4,5,0,0,39,0,0,4,70,1,0,0,0,0,0,0,0,0,0,0,0,0,0,0,0",,,,,,,"Maldives,2.41,MDV"
Lithuania,0,"0,0,0,0,0,0,0,0,0,5,0,0,42,13,0,0,0,0,0,0,6,0,0,0,0,0,0,0,0,2,0,0,0,0,0,0,0,0,41,0,0,0,0,0,16,0,0,0,0,8,0,0,0,0,16,9,0,0,0,6,10,0,0,19,17,0,0,0,0,0,0,0,0,0,15,3,0,0,0,0,0,0,8,0,0,0,0,0,0,0,20,0,0,0,0,0,0,0,20,0,0,0,4,5,0,0,39,0,0,4,70,1,0,0,0,0,0,0,0,0,0,0,0,0,0,0,0,0",,,,,,,"Mali,12.04,MLI"
Luxembourg,0,"0,0,0,0,0,0,0,0,0,5,0,0,42,13,0,0,0,0,0,0,6,0,0,0,0,0,0,0,0,2,0,0,0,0,0,0,0,0,41,0,0,0,0,0,16,0,0,0,0,8,0,0,0,0,16,9,0,0,0,6,10,0,0,19,17,0,0,0,0,0,0,0,0,0,15,3,0,0,0,0,0,0,8,0,0,0,0,0,0,0,20,0,0,0,0,0,0,0,20,0,0,0,4,5,0,0,39,0,0,4,70,1,0,0,0,0,0,0,0,0,0,0,0,0,0,0,0,0,0",,,,,,,"Malta,10.57,MLT"
Macau,0,"0,0,0,0,0,0,0,0,0,5,0,0,42,13,0,0,0,0,0,0,6,0,0,0,0,0,0,0,0,2,0,0,0,0,0,0,0,0,41,0,0,0,0,0,16,0,0,0,0,8,0,0,0,0,16,9,0,0,0,6,10,0,0,19,17,0,0,0,0,0,0,0,0,0,15,3,0,0,0,0,0,0,8,0,0,0,0,0,0,0,20,0,0,0,0,0,0,0,20,0,0,0,4,5,0,0,39,0,0,4,70,1,0,0,0,0,0,0,0,0,0,0,0,0,0,0,0,0,0,0",,,,,,,"Marshall Islands,0.18,MHL"
Macedonia (FYROM),0,"0,0,0,0,0,0,0,0,0,5,0,0,42,13,0,0,0,0,0,0,6,0,0,0,0,0,0,0,0,2,0,0,0,0,0,0,0,0,41,0,0,0,0,0,16,0,0,0,0,8,0,0,0,0,16,9,0,0,0,6,10,0,0,19,17,0,0,0,0,0,0,0,0,0,15,3,0,0,0,0,0,0,8,0,0,0,0,0,0,0,20,0,0,0,0,0,0,0,20,0,0,0,4,5,0,0,39,0,0,4,70,1,0,0,0,0,0,0,0,0,0,0,0,0,0,0,0,0,0,0,0",,,,,,,"Mauritania,4.29,MRT"
Madagascar,0,"0,0,0,0,0,0,0,0,0,5,0,0,42,13,0,0,0,0,0,0,6,0,0,0,0,0,0,0,0,2,0,0,0,0,0,0,0,0,41,0,0,0,0,0,16,0,0,0,0,8,0,0,0,0,16,9,0,0,0,6,10,0,0,19,17,0,0,0,0,0,0,0,0,0,15,3,0,0,0,0,0,0,8,0,0,0,0,0,0,0,20,0,0,0,0,0,0,0,20,0,0,0,4,5,0,0,39,0,0,4,70,1,0,0,0,0,0,0,0,0,0,0,0,0,0,0,0,0,0,0,0,0",,,,,,,"Mauritius,12.72,MUS"
Malawi,0,"0,0,0,0,0,0,0,0,0,5,0,0,42,13,0,0,0,0,0,0,6,0,0,0,0,0,0,0,0,2,0,0,0,0,0,0,0,0,41,0,0,0,0,0,16,0,0,0,0,8,0,0,0,0,16,9,0,0,0,6,10,0,0,19,17,0,0,0,0,0,0,0,0,0,15,3,0,0,0,0,0,0,8,0,0,0,0,0,0,0,20,0,0,0,0,0,0,0,20,0,0,0,4,5,0,0,39,0,0,4,70,1,0,0,0,0,0,0,0,0,0,0,0,0,0,0,0,0,0,0,0,0,0",,,,,,,"Mexico,1296.00,MEX"
Malaysia,19,"0,0,0,0,0,0,0,0,0,5,0,0,42,13,0,0,0,0,0,0,6,0,0,0,0,0,0,0,0,2,0,0,0,0,0,0,0,0,41,0,0,0,0,0,16,0,0,0,0,8,0,0,0,0,16,9,0,0,0,6,10,0,0,19,17,0,0,0,0,0,0,0,0,0,15,3,0,0,0,0,0,0,8,0,0,0,0,0,0,0,20,0,0,0,0,0,0,0,20,0,0,0,4,5,0,0,39,0,0,4,70,1,0,0,0,0,0,0,0,0,0,0,0,0,0,0,0,0,0,0,0,0,0,19",,,,,,,"""Micronesia, Federated States of"",0.34,FSM"
Maldives,0,"0,0,0,0,0,0,0,0,0,5,0,0,42,13,0,0,0,0,0,0,6,0,0,0,0,0,0,0,0,2,0,0,0,0,0,0,0,0,41,0,0,0,0,0,16,0,0,0,0,8,0,0,0,0,16,9,0,0,0,6,10,0,0,19,17,0,0,0,0,0,0,0,0,0,15,3,0,0,0,0,0,0,8,0,0,0,0,0,0,0,20,0,0,0,0,0,0,0,20,0,0,0,4,5,0,0,39,0,0,4,70,1,0,0,0,0,0,0,0,0,0,0,0,0,0,0,0,0,0,0,0,0,0,19,0",,,,,,,"Moldova,7.74,MDA"
Mali,0,"0,0,0,0,0,0,0,0,0,5,0,0,42,13,0,0,0,0,0,0,6,0,0,0,0,0,0,0,0,2,0,0,0,0,0,0,0,0,41,0,0,0,0,0,16,0,0,0,0,8,0,0,0,0,16,9,0,0,0,6,10,0,0,19,17,0,0,0,0,0,0,0,0,0,15,3,0,0,0,0,0,0,8,0,0,0,0,0,0,0,20,0,0,0,0,0,0,0,20,0,0,0,4,5,0,0,39,0,0,4,70,1,0,0,0,0,0,0,0,0,0,0,0,0,0,0,0,0,0,0,0,0,0,19,0,0",,,,,,,"Monaco,6.06,MCO"
Malta,0,"0,0,0,0,0,0,0,0,0,5,0,0,42,13,0,0,0,0,0,0,6,0,0,0,0,0,0,0,0,2,0,0,0,0,0,0,0,0,41,0,0,0,0,0,16,0,0,0,0,8,0,0,0,0,16,9,0,0,0,6,10,0,0,19,17,0,0,0,0,0,0,0,0,0,15,3,0,0,0,0,0,0,8,0,0,0,0,0,0,0,20,0,0,0,0,0,0,0,20,0,0,0,4,5,0,0,39,0,0,4,70,1,0,0,0,0,0,0,0,0,0,0,0,0,0,0,0,0,0,0,0,0,0,19,0,0,0",,,,,,,"Mongolia,11.73,MNG"
Marshall Islands,0,"0,0,0,0,0,0,0,0,0,5,0,0,42,13,0,0,0,0,0,0,6,0,0,0,0,0,0,0,0,2,0,0,0,0,0,0,0,0,41,0,0,0,0,0,16,0,0,0,0,8,0,0,0,0,16,9,0,0,0,6,10,0,0,19,17,0,0,0,0,0,0,0,0,0,15,3,0,0,0,0,0,0,8,0,0,0,0,0,0,0,20,0,0,0,0,0,0,0,20,0,0,0,4,5,0,0,39,0,0,4,70,1,0,0,0,0,0,0,0,0,0,0,0,0,0,0,0,0,0,0,0,0,0,19,0,0,0,0",,,,,,,"Montenegro,4.66,MNE"
Martinique,0,"0,0,0,0,0,0,0,0,0,5,0,0,42,13,0,0,0,0,0,0,6,0,0,0,0,0,0,0,0,2,0,0,0,0,0,0,0,0,41,0,0,0,0,0,16,0,0,0,0,8,0,0,0,0,16,9,0,0,0,6,10,0,0,19,17,0,0,0,0,0,0,0,0,0,15,3,0,0,0,0,0,0,8,0,0,0,0,0,0,0,20,0,0,0,0,0,0,0,20,0,0,0,4,5,0,0,39,0,0,4,70,1,0,0,0,0,0,0,0,0,0,0,0,0,0,0,0,0,0,0,0,0,0,19,0,0,0,0,0",,,,,,,"Morocco,112.60,MAR"
Mauritania,0,"0,0,0,0,0,0,0,0,0,5,0,0,42,13,0,0,0,0,0,0,6,0,0,0,0,0,0,0,0,2,0,0,0,0,0,0,0,0,41,0,0,0,0,0,16,0,0,0,0,8,0,0,0,0,16,9,0,0,0,6,10,0,0,19,17,0,0,0,0,0,0,0,0,0,15,3,0,0,0,0,0,0,8,0,0,0,0,0,0,0,20,0,0,0,0,0,0,0,20,0,0,0,4,5,0,0,39,0,0,4,70,1,0,0,0,0,0,0,0,0,0,0,0,0,0,0,0,0,0,0,0,0,0,19,0,0,0,0,0,0",,,,,,,"Mozambique,16.59,MOZ"
Mauritius,0,"0,0,0,0,0,0,0,0,0,5,0,0,42,13,0,0,0,0,0,0,6,0,0,0,0,0,0,0,0,2,0,0,0,0,0,0,0,0,41,0,0,0,0,0,16,0,0,0,0,8,0,0,0,0,16,9,0,0,0,6,10,0,0,19,17,0,0,0,0,0,0,0,0,0,15,3,0,0,0,0,0,0,8,0,0,0,0,0,0,0,20,0,0,0,0,0,0,0,20,0,0,0,4,5,0,0,39,0,0,4,70,1,0,0,0,0,0,0,0,0,0,0,0,0,0,0,0,0,0,0,0,0,0,19,0,0,0,0,0,0,0",,,,,,,"Namibia,13.11,NAM"
Mayotte,0,"0,0,0,0,0,0,0,0,0,5,0,0,42,13,0,0,0,0,0,0,6,0,0,0,0,0,0,0,0,2,0,0,0,0,0,0,0,0,41,0,0,0,0,0,16,0,0,0,0,8,0,0,0,0,16,9,0,0,0,6,10,0,0,19,17,0,0,0,0,0,0,0,0,0,15,3,0,0,0,0,0,0,8,0,0,0,0,0,0,0,20,0,0,0,0,0,0,0,20,0,0,0,4,5,0,0,39,0,0,4,70,1,0,0,0,0,0,0,0,0,0,0,0,0,0,0,0,0,0,0,0,0,0,19,0,0,0,0,0,0,0,0",,,,,,,"Nepal,19.64,NPL"
Mexico,11,"0,0,0,0,0,0,0,0,0,5,0,0,42,13,0,0,0,0,0,0,6,0,0,0,0,0,0,0,0,2,0,0,0,0,0,0,0,0,41,0,0,0,0,0,16,0,0,0,0,8,0,0,0,0,16,9,0,0,0,6,10,0,0,19,17,0,0,0,0,0,0,0,0,0,15,3,0,0,0,0,0,0,8,0,0,0,0,0,0,0,20,0,0,0,0,0,0,0,20,0,0,0,4,5,0,0,39,0,0,4,70,1,0,0,0,0,0,0,0,0,0,0,0,0,0,0,0,0,0,0,0,0,0,19,0,0,0,0,0,0,0,0,11",,,,,,,"Netherlands,880.40,NLD"
Micronesia,0,"0,0,0,0,0,0,0,0,0,5,0,0,42,13,0,0,0,0,0,0,6,0,0,0,0,0,0,0,0,2,0,0,0,0,0,0,0,0,41,0,0,0,0,0,16,0,0,0,0,8,0,0,0,0,16,9,0,0,0,6,10,0,0,19,17,0,0,0,0,0,0,0,0,0,15,3,0,0,0,0,0,0,8,0,0,0,0,0,0,0,20,0,0,0,0,0,0,0,20,0,0,0,4,5,0,0,39,0,0,4,70,1,0,0,0,0,0,0,0,0,0,0,0,0,0,0,0,0,0,0,0,0,0,19,0,0,0,0,0,0,0,0,11,0",,,,,,,"New Caledonia,11.10,NCL"
Moldova,0,"0,0,0,0,0,0,0,0,0,5,0,0,42,13,0,0,0,0,0,0,6,0,0,0,0,0,0,0,0,2,0,0,0,0,0,0,0,0,41,0,0,0,0,0,16,0,0,0,0,8,0,0,0,0,16,9,0,0,0,6,10,0,0,19,17,0,0,0,0,0,0,0,0,0,15,3,0,0,0,0,0,0,8,0,0,0,0,0,0,0,20,0,0,0,0,0,0,0,20,0,0,0,4,5,0,0,39,0,0,4,70,1,0,0,0,0,0,0,0,0,0,0,0,0,0,0,0,0,0,0,0,0,0,19,0,0,0,0,0,0,0,0,11,0,0",,,,,,,"New Zealand,201.00,NZL"
Monaco,0,"0,0,0,0,0,0,0,0,0,5,0,0,42,13,0,0,0,0,0,0,6,0,0,0,0,0,0,0,0,2,0,0,0,0,0,0,0,0,41,0,0,0,0,0,16,0,0,0,0,8,0,0,0,0,16,9,0,0,0,6,10,0,0,19,17,0,0,0,0,0,0,0,0,0,15,3,0,0,0,0,0,0,8,0,0,0,0,0,0,0,20,0,0,0,0,0,0,0,20,0,0,0,4,5,0,0,39,0,0,4,70,1,0,0,0,0,0,0,0,0,0,0,0,0,0,0,0,0,0,0,0,0,0,19,0,0,0,0,0,0,0,0,11,0,0,0",,,,,,,"Nicaragua,11.85,NIC"
Mongolia,0,"0,0,0,0,0,0,0,0,0,5,0,0,42,13,0,0,0,0,0,0,6,0,0,0,0,0,0,0,0,2,0,0,0,0,0,0,0,0,41,0,0,0,0,0,16,0,0,0,0,8,0,0,0,0,16,9,0,0,0,6,10,0,0,19,17,0,0,0,0,0,0,0,0,0,15,3,0,0,0,0,0,0,8,0,0,0,0,0,0,0,20,0,0,0,0,0,0,0,20,0,0,0,4,5,0,0,39,0,0,4,70,1,0,0,0,0,0,0,0,0,0,0,0,0,0,0,0,0,0,0,0,0,0,19,0,0,0,0,0,0,0,0,11,0,0,0,0",,,,,,,"Nigeria,594.30,NGA"
Montenegro,0,"0,0,0,0,0,0,0,0,0,5,0,0,42,13,0,0,0,0,0,0,6,0,0,0,0,0,0,0,0,2,0,0,0,0,0,0,0,0,41,0,0,0,0,0,16,0,0,0,0,8,0,0,0,0,16,9,0,0,0,6,10,0,0,19,17,0,0,0,0,0,0,0,0,0,15,3,0,0,0,0,0,0,8,0,0,0,0,0,0,0,20,0,0,0,0,0,0,0,20,0,0,0,4,5,0,0,39,0,0,4,70,1,0,0,0,0,0,0,0,0,0,0,0,0,0,0,0,0,0,0,0,0,0,19,0,0,0,0,0,0,0,0,11,0,0,0,0,0",,,,,,,"Niger,8.29,NER"
Montserrat,0,"0,0,0,0,0,0,0,0,0,5,0,0,42,13,0,0,0,0,0,0,6,0,0,0,0,0,0,0,0,2,0,0,0,0,0,0,0,0,41,0,0,0,0,0,16,0,0,0,0,8,0,0,0,0,16,9,0,0,0,6,10,0,0,19,17,0,0,0,0,0,0,0,0,0,15,3,0,0,0,0,0,0,8,0,0,0,0,0,0,0,20,0,0,0,0,0,0,0,20,0,0,0,4,5,0,0,39,0,0,4,70,1,0,0,0,0,0,0,0,0,0,0,0,0,0,0,0,0,0,0,0,0,0,19,0,0,0,0,0,0,0,0,11,0,0,0,0,0,0",,,,,,,"Niue,0.01,NIU"
Morocco,0,"0,0,0,0,0,0,0,0,0,5,0,0,42,13,0,0,0,0,0,0,6,0,0,0,0,0,0,0,0,2,0,0,0,0,0,0,0,0,41,0,0,0,0,0,16,0,0,0,0,8,0,0,0,0,16,9,0,0,0,6,10,0,0,19,17,0,0,0,0,0,0,0,0,0,15,3,0,0,0,0,0,0,8,0,0,0,0,0,0,0,20,0,0,0,0,0,0,0,20,0,0,0,4,5,0,0,39,0,0,4,70,1,0,0,0,0,0,0,0,0,0,0,0,0,0,0,0,0,0,0,0,0,0,19,0,0,0,0,0,0,0,0,11,0,0,0,0,0,0,0",,,,,,,"Northern Mariana Islands,1.23,MNP"
Mozambique,0,"0,0,0,0,0,0,0,0,0,5,0,0,42,13,0,0,0,0,0,0,6,0,0,0,0,0,0,0,0,2,0,0,0,0,0,0,0,0,41,0,0,0,0,0,16,0,0,0,0,8,0,0,0,0,16,9,0,0,0,6,10,0,0,19,17,0,0,0,0,0,0,0,0,0,15,3,0,0,0,0,0,0,8,0,0,0,0,0,0,0,20,0,0,0,0,0,0,0,20,0,0,0,4,5,0,0,39,0,0,4,70,1,0,0,0,0,0,0,0,0,0,0,0,0,0,0,0,0,0,0,0,0,0,19,0,0,0,0,0,0,0,0,11,0,0,0,0,0,0,0,0",,,,,,,"Norway,511.60,NOR"
Myanmar (Burma),0,"0,0,0,0,0,0,0,0,0,5,0,0,42,13,0,0,0,0,0,0,6,0,0,0,0,0,0,0,0,2,0,0,0,0,0,0,0,0,41,0,0,0,0,0,16,0,0,0,0,8,0,0,0,0,16,9,0,0,0,6,10,0,0,19,17,0,0,0,0,0,0,0,0,0,15,3,0,0,0,0,0,0,8,0,0,0,0,0,0,0,20,0,0,0,0,0,0,0,20,0,0,0,4,5,0,0,39,0,0,4,70,1,0,0,0,0,0,0,0,0,0,0,0,0,0,0,0,0,0,0,0,0,0,19,0,0,0,0,0,0,0,0,11,0,0,0,0,0,0,0,0,0",,,,,,,"Oman,80.54,OMN"
Namibia,0,"0,0,0,0,0,0,0,0,0,5,0,0,42,13,0,0,0,0,0,0,6,0,0,0,0,0,0,0,0,2,0,0,0,0,0,0,0,0,41,0,0,0,0,0,16,0,0,0,0,8,0,0,0,0,16,9,0,0,0,6,10,0,0,19,17,0,0,0,0,0,0,0,0,0,15,3,0,0,0,0,0,0,8,0,0,0,0,0,0,0,20,0,0,0,0,0,0,0,20,0,0,0,4,5,0,0,39,0,0,4,70,1,0,0,0,0,0,0,0,0,0,0,0,0,0,0,0,0,0,0,0,0,0,19,0,0,0,0,0,0,0,0,11,0,0,0,0,0,0,0,0,0,0",,,,,,,"Pakistan,237.50,PAK"
Nauru,0,"0,0,0,0,0,0,0,0,0,5,0,0,42,13,0,0,0,0,0,0,6,0,0,0,0,0,0,0,0,2,0,0,0,0,0,0,0,0,41,0,0,0,0,0,16,0,0,0,0,8,0,0,0,0,16,9,0,0,0,6,10,0,0,19,17,0,0,0,0,0,0,0,0,0,15,3,0,0,0,0,0,0,8,0,0,0,0,0,0,0,20,0,0,0,0,0,0,0,20,0,0,0,4,5,0,0,39,0,0,4,70,1,0,0,0,0,0,0,0,0,0,0,0,0,0,0,0,0,0,0,0,0,0,19,0,0,0,0,0,0,0,0,11,0,0,0,0,0,0,0,0,0,0,0",,,,,,,"Palau,0.65,PLW"
Nepal,0,"0,0,0,0,0,0,0,0,0,5,0,0,42,13,0,0,0,0,0,0,6,0,0,0,0,0,0,0,0,2,0,0,0,0,0,0,0,0,41,0,0,0,0,0,16,0,0,0,0,8,0,0,0,0,16,9,0,0,0,6,10,0,0,19,17,0,0,0,0,0,0,0,0,0,15,3,0,0,0,0,0,0,8,0,0,0,0,0,0,0,20,0,0,0,0,0,0,0,20,0,0,0,4,5,0,0,39,0,0,4,70,1,0,0,0,0,0,0,0,0,0,0,0,0,0,0,0,0,0,0,0,0,0,19,0,0,0,0,0,0,0,0,11,0,0,0,0,0,0,0,0,0,0,0,0",,,,,,,"Panama,44.69,PAN"
Netherlands,7,"0,0,0,0,0,0,0,0,0,5,0,0,42,13,0,0,0,0,0,0,6,0,0,0,0,0,0,0,0,2,0,0,0,0,0,0,0,0,41,0,0,0,0,0,16,0,0,0,0,8,0,0,0,0,16,9,0,0,0,6,10,0,0,19,17,0,0,0,0,0,0,0,0,0,15,3,0,0,0,0,0,0,8,0,0,0,0,0,0,0,20,0,0,0,0,0,0,0,20,0,0,0,4,5,0,0,39,0,0,4,70,1,0,0,0,0,0,0,0,0,0,0,0,0,0,0,0,0,0,0,0,0,0,19,0,0,0,0,0,0,0,0,11,0,0,0,0,0,0,0,0,0,0,0,0,7",,,,,,,"Papua New Guinea,16.10,PNG"
New Caledonia,0,"0,0,0,0,0,0,0,0,0,5,0,0,42,13,0,0,0,0,0,0,6,0,0,0,0,0,0,0,0,2,0,0,0,0,0,0,0,0,41,0,0,0,0,0,16,0,0,0,0,8,0,0,0,0,16,9,0,0,0,6,10,0,0,19,17,0,0,0,0,0,0,0,0,0,15,3,0,0,0,0,0,0,8,0,0,0,0,0,0,0,20,0,0,0,0,0,0,0,20,0,0,0,4,5,0,0,39,0,0,4,70,1,0,0,0,0,0,0,0,0,0,0,0,0,0,0,0,0,0,0,0,0,0,19,0,0,0,0,0,0,0,0,11,0,0,0,0,0,0,0,0,0,0,0,0,7,0",,,,,,,"Paraguay,31.30,PRY"
New Zealand,39,"0,0,0,0,0,0,0,0,0,5,0,0,42,13,0,0,0,0,0,0,6,0,0,0,0,0,0,0,0,2,0,0,0,0,0,0,0,0,41,0,0,0,0,0,16,0,0,0,0,8,0,0,0,0,16,9,0,0,0,6,10,0,0,19,17,0,0,0,0,0,0,0,0,0,15,3,0,0,0,0,0,0,8,0,0,0,0,0,0,0,20,0,0,0,0,0,0,0,20,0,0,0,4,5,0,0,39,0,0,4,70,1,0,0,0,0,0,0,0,0,0,0,0,0,0,0,0,0,0,0,0,0,0,19,0,0,0,0,0,0,0,0,11,0,0,0,0,0,0,0,0,0,0,0,0,7,0,39",,,,,,,"Peru,208.20,PER"
Nicaragua,0,"0,0,0,0,0,0,0,0,0,5,0,0,42,13,0,0,0,0,0,0,6,0,0,0,0,0,0,0,0,2,0,0,0,0,0,0,0,0,41,0,0,0,0,0,16,0,0,0,0,8,0,0,0,0,16,9,0,0,0,6,10,0,0,19,17,0,0,0,0,0,0,0,0,0,15,3,0,0,0,0,0,0,8,0,0,0,0,0,0,0,20,0,0,0,0,0,0,0,20,0,0,0,4,5,0,0,39,0,0,4,70,1,0,0,0,0,0,0,0,0,0,0,0,0,0,0,0,0,0,0,0,0,0,19,0,0,0,0,0,0,0,0,11,0,0,0,0,0,0,0,0,0,0,0,0,7,0,39,0",,,,,,,"Philippines,284.60,PHL"
Niger,0,"0,0,0,0,0,0,0,0,0,5,0,0,42,13,0,0,0,0,0,0,6,0,0,0,0,0,0,0,0,2,0,0,0,0,0,0,0,0,41,0,0,0,0,0,16,0,0,0,0,8,0,0,0,0,16,9,0,0,0,6,10,0,0,19,17,0,0,0,0,0,0,0,0,0,15,3,0,0,0,0,0,0,8,0,0,0,0,0,0,0,20,0,0,0,0,0,0,0,20,0,0,0,4,5,0,0,39,0,0,4,70,1,0,0,0,0,0,0,0,0,0,0,0,0,0,0,0,0,0,0,0,0,0,19,0,0,0,0,0,0,0,0,11,0,0,0,0,0,0,0,0,0,0,0,0,7,0,39,0,0",,,,,,,"Poland,552.20,POL"
Nigeria,0,"0,0,0,0,0,0,0,0,0,5,0,0,42,13,0,0,0,0,0,0,6,0,0,0,0,0,0,0,0,2,0,0,0,0,0,0,0,0,41,0,0,0,0,0,16,0,0,0,0,8,0,0,0,0,16,9,0,0,0,6,10,0,0,19,17,0,0,0,0,0,0,0,0,0,15,3,0,0,0,0,0,0,8,0,0,0,0,0,0,0,20,0,0,0,0,0,0,0,20,0,0,0,4,5,0,0,39,0,0,4,70,1,0,0,0,0,0,0,0,0,0,0,0,0,0,0,0,0,0,0,0,0,0,19,0,0,0,0,0,0,0,0,11,0,0,0,0,0,0,0,0,0,0,0,0,7,0,39,0,0,0",,,,,,,"Portugal,228.20,PRT"
Niue,0,"0,0,0,0,0,0,0,0,0,5,0,0,42,13,0,0,0,0,0,0,6,0,0,0,0,0,0,0,0,2,0,0,0,0,0,0,0,0,41,0,0,0,0,0,16,0,0,0,0,8,0,0,0,0,16,9,0,0,0,6,10,0,0,19,17,0,0,0,0,0,0,0,0,0,15,3,0,0,0,0,0,0,8,0,0,0,0,0,0,0,20,0,0,0,0,0,0,0,20,0,0,0,4,5,0,0,39,0,0,4,70,1,0,0,0,0,0,0,0,0,0,0,0,0,0,0,0,0,0,0,0,0,0,19,0,0,0,0,0,0,0,0,11,0,0,0,0,0,0,0,0,0,0,0,0,7,0,39,0,0,0,0",,,,,,,"Puerto Rico,93.52,PRI"
Norfolk Island,0,"0,0,0,0,0,0,0,0,0,5,0,0,42,13,0,0,0,0,0,0,6,0,0,0,0,0,0,0,0,2,0,0,0,0,0,0,0,0,41,0,0,0,0,0,16,0,0,0,0,8,0,0,0,0,16,9,0,0,0,6,10,0,0,19,17,0,0,0,0,0,0,0,0,0,15,3,0,0,0,0,0,0,8,0,0,0,0,0,0,0,20,0,0,0,0,0,0,0,20,0,0,0,4,5,0,0,39,0,0,4,70,1,0,0,0,0,0,0,0,0,0,0,0,0,0,0,0,0,0,0,0,0,0,19,0,0,0,0,0,0,0,0,11,0,0,0,0,0,0,0,0,0,0,0,0,7,0,39,0,0,0,0,0",,,,,,,"Qatar,212.00,QAT"
North Korea,0,"0,0,0,0,0,0,0,0,0,5,0,0,42,13,0,0,0,0,0,0,6,0,0,0,0,0,0,0,0,2,0,0,0,0,0,0,0,0,41,0,0,0,0,0,16,0,0,0,0,8,0,0,0,0,16,9,0,0,0,6,10,0,0,19,17,0,0,0,0,0,0,0,0,0,15,3,0,0,0,0,0,0,8,0,0,0,0,0,0,0,20,0,0,0,0,0,0,0,20,0,0,0,4,5,0,0,39,0,0,4,70,1,0,0,0,0,0,0,0,0,0,0,0,0,0,0,0,0,0,0,0,0,0,19,0,0,0,0,0,0,0,0,11,0,0,0,0,0,0,0,0,0,0,0,0,7,0,39,0,0,0,0,0,0",,,,,,,"Romania,199.00,ROU"
Northern Mariana Islands,0,"0,0,0,0,0,0,0,0,0,5,0,0,42,13,0,0,0,0,0,0,6,0,0,0,0,0,0,0,0,2,0,0,0,0,0,0,0,0,41,0,0,0,0,0,16,0,0,0,0,8,0,0,0,0,16,9,0,0,0,6,10,0,0,19,17,0,0,0,0,0,0,0,0,0,15,3,0,0,0,0,0,0,8,0,0,0,0,0,0,0,20,0,0,0,0,0,0,0,20,0,0,0,4,5,0,0,39,0,0,4,70,1,0,0,0,0,0,0,0,0,0,0,0,0,0,0,0,0,0,0,0,0,0,19,0,0,0,0,0,0,0,0,11,0,0,0,0,0,0,0,0,0,0,0,0,7,0,39,0,0,0,0,0,0,0",,,,,,,"Russia,2057.00,RUS"
Norway,17,"0,0,0,0,0,0,0,0,0,5,0,0,42,13,0,0,0,0,0,0,6,0,0,0,0,0,0,0,0,2,0,0,0,0,0,0,0,0,41,0,0,0,0,0,16,0,0,0,0,8,0,0,0,0,16,9,0,0,0,6,10,0,0,19,17,0,0,0,0,0,0,0,0,0,15,3,0,0,0,0,0,0,8,0,0,0,0,0,0,0,20,0,0,0,0,0,0,0,20,0,0,0,4,5,0,0,39,0,0,4,70,1,0,0,0,0,0,0,0,0,0,0,0,0,0,0,0,0,0,0,0,0,0,19,0,0,0,0,0,0,0,0,11,0,0,0,0,0,0,0,0,0,0,0,0,7,0,39,0,0,0,0,0,0,0,17",,,,,,,"Rwanda,8.00,RWA"
Oman,0,"0,0,0,0,0,0,0,0,0,5,0,0,42,13,0,0,0,0,0,0,6,0,0,0,0,0,0,0,0,2,0,0,0,0,0,0,0,0,41,0,0,0,0,0,16,0,0,0,0,8,0,0,0,0,16,9,0,0,0,6,10,0,0,19,17,0,0,0,0,0,0,0,0,0,15,3,0,0,0,0,0,0,8,0,0,0,0,0,0,0,20,0,0,0,0,0,0,0,20,0,0,0,4,5,0,0,39,0,0,4,70,1,0,0,0,0,0,0,0,0,0,0,0,0,0,0,0,0,0,0,0,0,0,19,0,0,0,0,0,0,0,0,11,0,0,0,0,0,0,0,0,0,0,0,0,7,0,39,0,0,0,0,0,0,0,17,0",,,,,,,"Saint Kitts and Nevis,0.81,KNA"
Pakistan,0,"0,0,0,0,0,0,0,0,0,5,0,0,42,13,0,0,0,0,0,0,6,0,0,0,0,0,0,0,0,2,0,0,0,0,0,0,0,0,41,0,0,0,0,0,16,0,0,0,0,8,0,0,0,0,16,9,0,0,0,6,10,0,0,19,17,0,0,0,0,0,0,0,0,0,15,3,0,0,0,0,0,0,8,0,0,0,0,0,0,0,20,0,0,0,0,0,0,0,20,0,0,0,4,5,0,0,39,0,0,4,70,1,0,0,0,0,0,0,0,0,0,0,0,0,0,0,0,0,0,0,0,0,0,19,0,0,0,0,0,0,0,0,11,0,0,0,0,0,0,0,0,0,0,0,0,7,0,39,0,0,0,0,0,0,0,17,0,0",,,,,,,"Saint Lucia,1.35,LCA"
Palau,0,"0,0,0,0,0,0,0,0,0,5,0,0,42,13,0,0,0,0,0,0,6,0,0,0,0,0,0,0,0,2,0,0,0,0,0,0,0,0,41,0,0,0,0,0,16,0,0,0,0,8,0,0,0,0,16,9,0,0,0,6,10,0,0,19,17,0,0,0,0,0,0,0,0,0,15,3,0,0,0,0,0,0,8,0,0,0,0,0,0,0,20,0,0,0,0,0,0,0,20,0,0,0,4,5,0,0,39,0,0,4,70,1,0,0,0,0,0,0,0,0,0,0,0,0,0,0,0,0,0,0,0,0,0,19,0,0,0,0,0,0,0,0,11,0,0,0,0,0,0,0,0,0,0,0,0,7,0,39,0,0,0,0,0,0,0,17,0,0,0",,,,,,,"Saint Martin,0.56,MAF"
Palestine,0,"0,0,0,0,0,0,0,0,0,5,0,0,42,13,0,0,0,0,0,0,6,0,0,0,0,0,0,0,0,2,0,0,0,0,0,0,0,0,41,0,0,0,0,0,16,0,0,0,0,8,0,0,0,0,16,9,0,0,0,6,10,0,0,19,17,0,0,0,0,0,0,0,0,0,15,3,0,0,0,0,0,0,8,0,0,0,0,0,0,0,20,0,0,0,0,0,0,0,20,0,0,0,4,5,0,0,39,0,0,4,70,1,0,0,0,0,0,0,0,0,0,0,0,0,0,0,0,0,0,0,0,0,0,19,0,0,0,0,0,0,0,0,11,0,0,0,0,0,0,0,0,0,0,0,0,7,0,39,0,0,0,0,0,0,0,17,0,0,0,0",,,,,,,"Saint Pierre and Miquelon,0.22,SPM"
Panama,40,"0,0,0,0,0,0,0,0,0,5,0,0,42,13,0,0,0,0,0,0,6,0,0,0,0,0,0,0,0,2,0,0,0,0,0,0,0,0,41,0,0,0,0,0,16,0,0,0,0,8,0,0,0,0,16,9,0,0,0,6,10,0,0,19,17,0,0,0,0,0,0,0,0,0,15,3,0,0,0,0,0,0,8,0,0,0,0,0,0,0,20,0,0,0,0,0,0,0,20,0,0,0,4,5,0,0,39,0,0,4,70,1,0,0,0,0,0,0,0,0,0,0,0,0,0,0,0,0,0,0,0,0,0,19,0,0,0,0,0,0,0,0,11,0,0,0,0,0,0,0,0,0,0,0,0,7,0,39,0,0,0,0,0,0,0,17,0,0,0,0,40",,,,,,,"Saint Vincent and the Grenadines,0.75,VCT"
Papua New Guinea,0,"0,0,0,0,0,0,0,0,0,5,0,0,42,13,0,0,0,0,0,0,6,0,0,0,0,0,0,0,0,2,0,0,0,0,0,0,0,0,41,0,0,0,0,0,16,0,0,0,0,8,0,0,0,0,16,9,0,0,0,6,10,0,0,19,17,0,0,0,0,0,0,0,0,0,15,3,0,0,0,0,0,0,8,0,0,0,0,0,0,0,20,0,0,0,0,0,0,0,20,0,0,0,4,5,0,0,39,0,0,4,70,1,0,0,0,0,0,0,0,0,0,0,0,0,0,0,0,0,0,0,0,0,0,19,0,0,0,0,0,0,0,0,11,0,0,0,0,0,0,0,0,0,0,0,0,7,0,39,0,0,0,0,0,0,0,17,0,0,0,0,40,0",,,,,,,"Samoa,0.83,WSM"
Paraguay,0,"0,0,0,0,0,0,0,0,0,5,0,0,42,13,0,0,0,0,0,0,6,0,0,0,0,0,0,0,0,2,0,0,0,0,0,0,0,0,41,0,0,0,0,0,16,0,0,0,0,8,0,0,0,0,16,9,0,0,0,6,10,0,0,19,17,0,0,0,0,0,0,0,0,0,15,3,0,0,0,0,0,0,8,0,0,0,0,0,0,0,20,0,0,0,0,0,0,0,20,0,0,0,4,5,0,0,39,0,0,4,70,1,0,0,0,0,0,0,0,0,0,0,0,0,0,0,0,0,0,0,0,0,0,19,0,0,0,0,0,0,0,0,11,0,0,0,0,0,0,0,0,0,0,0,0,7,0,39,0,0,0,0,0,0,0,17,0,0,0,0,40,0,0",,,,,,,"San Marino,1.86,SMR"
Peru,0,"0,0,0,0,0,0,0,0,0,5,0,0,42,13,0,0,0,0,0,0,6,0,0,0,0,0,0,0,0,2,0,0,0,0,0,0,0,0,41,0,0,0,0,0,16,0,0,0,0,8,0,0,0,0,16,9,0,0,0,6,10,0,0,19,17,0,0,0,0,0,0,0,0,0,15,3,0,0,0,0,0,0,8,0,0,0,0,0,0,0,20,0,0,0,0,0,0,0,20,0,0,0,4,5,0,0,39,0,0,4,70,1,0,0,0,0,0,0,0,0,0,0,0,0,0,0,0,0,0,0,0,0,0,19,0,0,0,0,0,0,0,0,11,0,0,0,0,0,0,0,0,0,0,0,0,7,0,39,0,0,0,0,0,0,0,17,0,0,0,0,40,0,0,0",,,,,,,"Sao Tome and Principe,0.36,STP"
Philippines,24,"0,0,0,0,0,0,0,0,0,5,0,0,42,13,0,0,0,0,0,0,6,0,0,0,0,0,0,0,0,2,0,0,0,0,0,0,0,0,41,0,0,0,0,0,16,0,0,0,0,8,0,0,0,0,16,9,0,0,0,6,10,0,0,19,17,0,0,0,0,0,0,0,0,0,15,3,0,0,0,0,0,0,8,0,0,0,0,0,0,0,20,0,0,0,0,0,0,0,20,0,0,0,4,5,0,0,39,0,0,4,70,1,0,0,0,0,0,0,0,0,0,0,0,0,0,0,0,0,0,0,0,0,0,19,0,0,0,0,0,0,0,0,11,0,0,0,0,0,0,0,0,0,0,0,0,7,0,39,0,0,0,0,0,0,0,17,0,0,0,0,40,0,0,0,24",,,,,,,"Saudi Arabia,777.90,SAU"
Pitcairn Islands,0,"0,0,0,0,0,0,0,0,0,5,0,0,42,13,0,0,0,0,0,0,6,0,0,0,0,0,0,0,0,2,0,0,0,0,0,0,0,0,41,0,0,0,0,0,16,0,0,0,0,8,0,0,0,0,16,9,0,0,0,6,10,0,0,19,17,0,0,0,0,0,0,0,0,0,15,3,0,0,0,0,0,0,8,0,0,0,0,0,0,0,20,0,0,0,0,0,0,0,20,0,0,0,4,5,0,0,39,0,0,4,70,1,0,0,0,0,0,0,0,0,0,0,0,0,0,0,0,0,0,0,0,0,0,19,0,0,0,0,0,0,0,0,11,0,0,0,0,0,0,0,0,0,0,0,0,7,0,39,0,0,0,0,0,0,0,17,0,0,0,0,40,0,0,0,24,0",,,,,,,"Senegal,15.88,SEN"
Poland,4,"0,0,0,0,0,0,0,0,0,5,0,0,42,13,0,0,0,0,0,0,6,0,0,0,0,0,0,0,0,2,0,0,0,0,0,0,0,0,41,0,0,0,0,0,16,0,0,0,0,8,0,0,0,0,16,9,0,0,0,6,10,0,0,19,17,0,0,0,0,0,0,0,0,0,15,3,0,0,0,0,0,0,8,0,0,0,0,0,0,0,20,0,0,0,0,0,0,0,20,0,0,0,4,5,0,0,39,0,0,4,70,1,0,0,0,0,0,0,0,0,0,0,0,0,0,0,0,0,0,0,0,0,0,19,0,0,0,0,0,0,0,0,11,0,0,0,0,0,0,0,0,0,0,0,0,7,0,39,0,0,0,0,0,0,0,17,0,0,0,0,40,0,0,0,24,0,4",,,,,,,"Serbia,42.65,SRB"
Portugal,7,"0,0,0,0,0,0,0,0,0,5,0,0,42,13,0,0,0,0,0,0,6,0,0,0,0,0,0,0,0,2,0,0,0,0,0,0,0,0,41,0,0,0,0,0,16,0,0,0,0,8,0,0,0,0,16,9,0,0,0,6,10,0,0,19,17,0,0,0,0,0,0,0,0,0,15,3,0,0,0,0,0,0,8,0,0,0,0,0,0,0,20,0,0,0,0,0,0,0,20,0,0,0,4,5,0,0,39,0,0,4,70,1,0,0,0,0,0,0,0,0,0,0,0,0,0,0,0,0,0,0,0,0,0,19,0,0,0,0,0,0,0,0,11,0,0,0,0,0,0,0,0,0,0,0,0,7,0,39,0,0,0,0,0,0,0,17,0,0,0,0,40,0,0,0,24,0,4,7",,,,,,,"Seychelles,1.47,SYC"
Puerto Rico,61,"0,0,0,0,0,0,0,0,0,5,0,0,42,13,0,0,0,0,0,0,6,0,0,0,0,0,0,0,0,2,0,0,0,0,0,0,0,0,41,0,0,0,0,0,16,0,0,0,0,8,0,0,0,0,16,9,0,0,0,6,10,0,0,19,17,0,0,0,0,0,0,0,0,0,15,3,0,0,0,0,0,0,8,0,0,0,0,0,0,0,20,0,0,0,0,0,0,0,20,0,0,0,4,5,0,0,39,0,0,4,70,1,0,0,0,0,0,0,0,0,0,0,0,0,0,0,0,0,0,0,0,0,0,19,0,0,0,0,0,0,0,0,11,0,0,0,0,0,0,0,0,0,0,0,0,7,0,39,0,0,0,0,0,0,0,17,0,0,0,0,40,0,0,0,24,0,4,7,61",,,,,,,"Sierra Leone,5.41,SLE"
Qatar,0,"0,0,0,0,0,0,0,0,0,5,0,0,42,13,0,0,0,0,0,0,6,0,0,0,0,0,0,0,0,2,0,0,0,0,0,0,0,0,41,0,0,0,0,0,16,0,0,0,0,8,0,0,0,0,16,9,0,0,0,6,10,0,0,19,17,0,0,0,0,0,0,0,0,0,15,3,0,0,0,0,0,0,8,0,0,0,0,0,0,0,20,0,0,0,0,0,0,0,20,0,0,0,4,5,0,0,39,0,0,4,70,1,0,0,0,0,0,0,0,0,0,0,0,0,0,0,0,0,0,0,0,0,0,19,0,0,0,0,0,0,0,0,11,0,0,0,0,0,0,0,0,0,0,0,0,7,0,39,0,0,0,0,0,0,0,17,0,0,0,0,40,0,0,0,24,0,4,7,61,0",,,,,,,"Singapore,307.90,SGP"
Rí©union,0,"0,0,0,0,0,0,0,0,0,5,0,0,42,13,0,0,0,0,0,0,6,0,0,0,0,0,0,0,0,2,0,0,0,0,0,0,0,0,41,0,0,0,0,0,16,0,0,0,0,8,0,0,0,0,16,9,0,0,0,6,10,0,0,19,17,0,0,0,0,0,0,0,0,0,15,3,0,0,0,0,0,0,8,0,0,0,0,0,0,0,20,0,0,0,0,0,0,0,20,0,0,0,4,5,0,0,39,0,0,4,70,1,0,0,0,0,0,0,0,0,0,0,0,0,0,0,0,0,0,0,0,0,0,19,0,0,0,0,0,0,0,0,11,0,0,0,0,0,0,0,0,0,0,0,0,7,0,39,0,0,0,0,0,0,0,17,0,0,0,0,40,0,0,0,24,0,4,7,61,0,0",,,,,,,"Sint Maarten,304.10,SXM"
Romania,0,"0,0,0,0,0,0,0,0,0,5,0,0,42,13,0,0,0,0,0,0,6,0,0,0,0,0,0,0,0,2,0,0,0,0,0,0,0,0,41,0,0,0,0,0,16,0,0,0,0,8,0,0,0,0,16,9,0,0,0,6,10,0,0,19,17,0,0,0,0,0,0,0,0,0,15,3,0,0,0,0,0,0,8,0,0,0,0,0,0,0,20,0,0,0,0,0,0,0,20,0,0,0,4,5,0,0,39,0,0,4,70,1,0,0,0,0,0,0,0,0,0,0,0,0,0,0,0,0,0,0,0,0,0,19,0,0,0,0,0,0,0,0,11,0,0,0,0,0,0,0,0,0,0,0,0,7,0,39,0,0,0,0,0,0,0,17,0,0,0,0,40,0,0,0,24,0,4,7,61,0,0,0",,,,,,,"Slovakia,99.75,SVK"
Russia,0,"0,0,0,0,0,0,0,0,0,5,0,0,42,13,0,0,0,0,0,0,6,0,0,0,0,0,0,0,0,2,0,0,0,0,0,0,0,0,41,0,0,0,0,0,16,0,0,0,0,8,0,0,0,0,16,9,0,0,0,6,10,0,0,19,17,0,0,0,0,0,0,0,0,0,15,3,0,0,0,0,0,0,8,0,0,0,0,0,0,0,20,0,0,0,0,0,0,0,20,0,0,0,4,5,0,0,39,0,0,4,70,1,0,0,0,0,0,0,0,0,0,0,0,0,0,0,0,0,0,0,0,0,0,19,0,0,0,0,0,0,0,0,11,0,0,0,0,0,0,0,0,0,0,0,0,7,0,39,0,0,0,0,0,0,0,17,0,0,0,0,40,0,0,0,24,0,4,7,61,0,0,0,0",,,,,,,"Slovenia,49.93,SVN"
Rwanda,0,"0,0,0,0,0,0,0,0,0,5,0,0,42,13,0,0,0,0,0,0,6,0,0,0,0,0,0,0,0,2,0,0,0,0,0,0,0,0,41,0,0,0,0,0,16,0,0,0,0,8,0,0,0,0,16,9,0,0,0,6,10,0,0,19,17,0,0,0,0,0,0,0,0,0,15,3,0,0,0,0,0,0,8,0,0,0,0,0,0,0,20,0,0,0,0,0,0,0,20,0,0,0,4,5,0,0,39,0,0,4,70,1,0,0,0,0,0,0,0,0,0,0,0,0,0,0,0,0,0,0,0,0,0,19,0,0,0,0,0,0,0,0,11,0,0,0,0,0,0,0,0,0,0,0,0,7,0,39,0,0,0,0,0,0,0,17,0,0,0,0,40,0,0,0,24,0,4,7,61,0,0,0,0,0",,,,,,,"Solomon Islands,1.16,SLB"
Samoa,0,"0,0,0,0,0,0,0,0,0,5,0,0,42,13,0,0,0,0,0,0,6,0,0,0,0,0,0,0,0,2,0,0,0,0,0,0,0,0,41,0,0,0,0,0,16,0,0,0,0,8,0,0,0,0,16,9,0,0,0,6,10,0,0,19,17,0,0,0,0,0,0,0,0,0,15,3,0,0,0,0,0,0,8,0,0,0,0,0,0,0,20,0,0,0,0,0,0,0,20,0,0,0,4,5,0,0,39,0,0,4,70,1,0,0,0,0,0,0,0,0,0,0,0,0,0,0,0,0,0,0,0,0,0,19,0,0,0,0,0,0,0,0,11,0,0,0,0,0,0,0,0,0,0,0,0,7,0,39,0,0,0,0,0,0,0,17,0,0,0,0,40,0,0,0,24,0,4,7,61,0,0,0,0,0,0",,,,,,,"Somalia,2.37,SOM"
San Marino,0,"0,0,0,0,0,0,0,0,0,5,0,0,42,13,0,0,0,0,0,0,6,0,0,0,0,0,0,0,0,2,0,0,0,0,0,0,0,0,41,0,0,0,0,0,16,0,0,0,0,8,0,0,0,0,16,9,0,0,0,6,10,0,0,19,17,0,0,0,0,0,0,0,0,0,15,3,0,0,0,0,0,0,8,0,0,0,0,0,0,0,20,0,0,0,0,0,0,0,20,0,0,0,4,5,0,0,39,0,0,4,70,1,0,0,0,0,0,0,0,0,0,0,0,0,0,0,0,0,0,0,0,0,0,19,0,0,0,0,0,0,0,0,11,0,0,0,0,0,0,0,0,0,0,0,0,7,0,39,0,0,0,0,0,0,0,17,0,0,0,0,40,0,0,0,24,0,4,7,61,0,0,0,0,0,0,0",,,,,,,"South Africa,341.20,ZAF"
Saudi Arabia,3,"0,0,0,0,0,0,0,0,0,5,0,0,42,13,0,0,0,0,0,0,6,0,0,0,0,0,0,0,0,2,0,0,0,0,0,0,0,0,41,0,0,0,0,0,16,0,0,0,0,8,0,0,0,0,16,9,0,0,0,6,10,0,0,19,17,0,0,0,0,0,0,0,0,0,15,3,0,0,0,0,0,0,8,0,0,0,0,0,0,0,20,0,0,0,0,0,0,0,20,0,0,0,4,5,0,0,39,0,0,4,70,1,0,0,0,0,0,0,0,0,0,0,0,0,0,0,0,0,0,0,0,0,0,19,0,0,0,0,0,0,0,0,11,0,0,0,0,0,0,0,0,0,0,0,0,7,0,39,0,0,0,0,0,0,0,17,0,0,0,0,40,0,0,0,24,0,4,7,61,0,0,0,0,0,0,0,3",,,,,,,"South Sudan,11.89,SSD"
Senegal,0,"0,0,0,0,0,0,0,0,0,5,0,0,42,13,0,0,0,0,0,0,6,0,0,0,0,0,0,0,0,2,0,0,0,0,0,0,0,0,41,0,0,0,0,0,16,0,0,0,0,8,0,0,0,0,16,9,0,0,0,6,10,0,0,19,17,0,0,0,0,0,0,0,0,0,15,3,0,0,0,0,0,0,8,0,0,0,0,0,0,0,20,0,0,0,0,0,0,0,20,0,0,0,4,5,0,0,39,0,0,4,70,1,0,0,0,0,0,0,0,0,0,0,0,0,0,0,0,0,0,0,0,0,0,19,0,0,0,0,0,0,0,0,11,0,0,0,0,0,0,0,0,0,0,0,0,7,0,39,0,0,0,0,0,0,0,17,0,0,0,0,40,0,0,0,24,0,4,7,61,0,0,0,0,0,0,0,3,0",,,,,,,"Spain,1400.00,ESP"
Serbia,0,"0,0,0,0,0,0,0,0,0,5,0,0,42,13,0,0,0,0,0,0,6,0,0,0,0,0,0,0,0,2,0,0,0,0,0,0,0,0,41,0,0,0,0,0,16,0,0,0,0,8,0,0,0,0,16,9,0,0,0,6,10,0,0,19,17,0,0,0,0,0,0,0,0,0,15,3,0,0,0,0,0,0,8,0,0,0,0,0,0,0,20,0,0,0,0,0,0,0,20,0,0,0,4,5,0,0,39,0,0,4,70,1,0,0,0,0,0,0,0,0,0,0,0,0,0,0,0,0,0,0,0,0,0,19,0,0,0,0,0,0,0,0,11,0,0,0,0,0,0,0,0,0,0,0,0,7,0,39,0,0,0,0,0,0,0,17,0,0,0,0,40,0,0,0,24,0,4,7,61,0,0,0,0,0,0,0,3,0,0",,,,,,,"Sri Lanka,71.57,LKA"
Seychelles,0,"0,0,0,0,0,0,0,0,0,5,0,0,42,13,0,0,0,0,0,0,6,0,0,0,0,0,0,0,0,2,0,0,0,0,0,0,0,0,41,0,0,0,0,0,16,0,0,0,0,8,0,0,0,0,16,9,0,0,0,6,10,0,0,19,17,0,0,0,0,0,0,0,0,0,15,3,0,0,0,0,0,0,8,0,0,0,0,0,0,0,20,0,0,0,0,0,0,0,20,0,0,0,4,5,0,0,39,0,0,4,70,1,0,0,0,0,0,0,0,0,0,0,0,0,0,0,0,0,0,0,0,0,0,19,0,0,0,0,0,0,0,0,11,0,0,0,0,0,0,0,0,0,0,0,0,7,0,39,0,0,0,0,0,0,0,17,0,0,0,0,40,0,0,0,24,0,4,7,61,0,0,0,0,0,0,0,3,0,0,0",,,,,,,"Sudan,70.03,SDN"
Sí£o Tomí© & Prí_ncipe,0,"0,0,0,0,0,0,0,0,0,5,0,0,42,13,0,0,0,0,0,0,6,0,0,0,0,0,0,0,0,2,0,0,0,0,0,0,0,0,41,0,0,0,0,0,16,0,0,0,0,8,0,0,0,0,16,9,0,0,0,6,10,0,0,19,17,0,0,0,0,0,0,0,0,0,15,3,0,0,0,0,0,0,8,0,0,0,0,0,0,0,20,0,0,0,0,0,0,0,20,0,0,0,4,5,0,0,39,0,0,4,70,1,0,0,0,0,0,0,0,0,0,0,0,0,0,0,0,0,0,0,0,0,0,19,0,0,0,0,0,0,0,0,11,0,0,0,0,0,0,0,0,0,0,0,0,7,0,39,0,0,0,0,0,0,0,17,0,0,0,0,40,0,0,0,24,0,4,7,61,0,0,0,0,0,0,0,3,0,0,0,0",,,,,,,"Suriname,5.27,SUR"
Sierra Leone,0,"0,0,0,0,0,0,0,0,0,5,0,0,42,13,0,0,0,0,0,0,6,0,0,0,0,0,0,0,0,2,0,0,0,0,0,0,0,0,41,0,0,0,0,0,16,0,0,0,0,8,0,0,0,0,16,9,0,0,0,6,10,0,0,19,17,0,0,0,0,0,0,0,0,0,15,3,0,0,0,0,0,0,8,0,0,0,0,0,0,0,20,0,0,0,0,0,0,0,20,0,0,0,4,5,0,0,39,0,0,4,70,1,0,0,0,0,0,0,0,0,0,0,0,0,0,0,0,0,0,0,0,0,0,19,0,0,0,0,0,0,0,0,11,0,0,0,0,0,0,0,0,0,0,0,0,7,0,39,0,0,0,0,0,0,0,17,0,0,0,0,40,0,0,0,24,0,4,7,61,0,0,0,0,0,0,0,3,0,0,0,0,0",,,,,,,"Swaziland,3.84,SWZ"
Singapore,35,"0,0,0,0,0,0,0,0,0,5,0,0,42,13,0,0,0,0,0,0,6,0,0,0,0,0,0,0,0,2,0,0,0,0,0,0,0,0,41,0,0,0,0,0,16,0,0,0,0,8,0,0,0,0,16,9,0,0,0,6,10,0,0,19,17,0,0,0,0,0,0,0,0,0,15,3,0,0,0,0,0,0,8,0,0,0,0,0,0,0,20,0,0,0,0,0,0,0,20,0,0,0,4,5,0,0,39,0,0,4,70,1,0,0,0,0,0,0,0,0,0,0,0,0,0,0,0,0,0,0,0,0,0,19,0,0,0,0,0,0,0,0,11,0,0,0,0,0,0,0,0,0,0,0,0,7,0,39,0,0,0,0,0,0,0,17,0,0,0,0,40,0,0,0,24,0,4,7,61,0,0,0,0,0,0,0,3,0,0,0,0,0,35",,,,,,,"Sweden,559.10,SWE"
Sint Maarten,0,"0,0,0,0,0,0,0,0,0,5,0,0,42,13,0,0,0,0,0,0,6,0,0,0,0,0,0,0,0,2,0,0,0,0,0,0,0,0,41,0,0,0,0,0,16,0,0,0,0,8,0,0,0,0,16,9,0,0,0,6,10,0,0,19,17,0,0,0,0,0,0,0,0,0,15,3,0,0,0,0,0,0,8,0,0,0,0,0,0,0,20,0,0,0,0,0,0,0,20,0,0,0,4,5,0,0,39,0,0,4,70,1,0,0,0,0,0,0,0,0,0,0,0,0,0,0,0,0,0,0,0,0,0,19,0,0,0,0,0,0,0,0,11,0,0,0,0,0,0,0,0,0,0,0,0,7,0,39,0,0,0,0,0,0,0,17,0,0,0,0,40,0,0,0,24,0,4,7,61,0,0,0,0,0,0,0,3,0,0,0,0,0,35,0",,,,,,,"Switzerland,679.00,CHE"
Slovakia,0,"0,0,0,0,0,0,0,0,0,5,0,0,42,13,0,0,0,0,0,0,6,0,0,0,0,0,0,0,0,2,0,0,0,0,0,0,0,0,41,0,0,0,0,0,16,0,0,0,0,8,0,0,0,0,16,9,0,0,0,6,10,0,0,19,17,0,0,0,0,0,0,0,0,0,15,3,0,0,0,0,0,0,8,0,0,0,0,0,0,0,20,0,0,0,0,0,0,0,20,0,0,0,4,5,0,0,39,0,0,4,70,1,0,0,0,0,0,0,0,0,0,0,0,0,0,0,0,0,0,0,0,0,0,19,0,0,0,0,0,0,0,0,11,0,0,0,0,0,0,0,0,0,0,0,0,7,0,39,0,0,0,0,0,0,0,17,0,0,0,0,40,0,0,0,24,0,4,7,61,0,0,0,0,0,0,0,3,0,0,0,0,0,35,0,0",,,,,,,"Syria,64.70,SYR"
Slovenia,0,"0,0,0,0,0,0,0,0,0,5,0,0,42,13,0,0,0,0,0,0,6,0,0,0,0,0,0,0,0,2,0,0,0,0,0,0,0,0,41,0,0,0,0,0,16,0,0,0,0,8,0,0,0,0,16,9,0,0,0,6,10,0,0,19,17,0,0,0,0,0,0,0,0,0,15,3,0,0,0,0,0,0,8,0,0,0,0,0,0,0,20,0,0,0,0,0,0,0,20,0,0,0,4,5,0,0,39,0,0,4,70,1,0,0,0,0,0,0,0,0,0,0,0,0,0,0,0,0,0,0,0,0,0,19,0,0,0,0,0,0,0,0,11,0,0,0,0,0,0,0,0,0,0,0,0,7,0,39,0,0,0,0,0,0,0,17,0,0,0,0,40,0,0,0,24,0,4,7,61,0,0,0,0,0,0,0,3,0,0,0,0,0,35,0,0,0",,,,,,,"Taiwan,529.50,TWN"
Solomon Islands,0,"0,0,0,0,0,0,0,0,0,5,0,0,42,13,0,0,0,0,0,0,6,0,0,0,0,0,0,0,0,2,0,0,0,0,0,0,0,0,41,0,0,0,0,0,16,0,0,0,0,8,0,0,0,0,16,9,0,0,0,6,10,0,0,19,17,0,0,0,0,0,0,0,0,0,15,3,0,0,0,0,0,0,8,0,0,0,0,0,0,0,20,0,0,0,0,0,0,0,20,0,0,0,4,5,0,0,39,0,0,4,70,1,0,0,0,0,0,0,0,0,0,0,0,0,0,0,0,0,0,0,0,0,0,19,0,0,0,0,0,0,0,0,11,0,0,0,0,0,0,0,0,0,0,0,0,7,0,39,0,0,0,0,0,0,0,17,0,0,0,0,40,0,0,0,24,0,4,7,61,0,0,0,0,0,0,0,3,0,0,0,0,0,35,0,0,0,0",,,,,,,"Tajikistan,9.16,TJK"
Somalia,0,"0,0,0,0,0,0,0,0,0,5,0,0,42,13,0,0,0,0,0,0,6,0,0,0,0,0,0,0,0,2,0,0,0,0,0,0,0,0,41,0,0,0,0,0,16,0,0,0,0,8,0,0,0,0,16,9,0,0,0,6,10,0,0,19,17,0,0,0,0,0,0,0,0,0,15,3,0,0,0,0,0,0,8,0,0,0,0,0,0,0,20,0,0,0,0,0,0,0,20,0,0,0,4,5,0,0,39,0,0,4,70,1,0,0,0,0,0,0,0,0,0,0,0,0,0,0,0,0,0,0,0,0,0,19,0,0,0,0,0,0,0,0,11,0,0,0,0,0,0,0,0,0,0,0,0,7,0,39,0,0,0,0,0,0,0,17,0,0,0,0,40,0,0,0,24,0,4,7,61,0,0,0,0,0,0,0,3,0,0,0,0,0,35,0,0,0,0,0",,,,,,,"Tanzania,36.62,TZA"
South Africa,24,"0,0,0,0,0,0,0,0,0,5,0,0,42,13,0,0,0,0,0,0,6,0,0,0,0,0,0,0,0,2,0,0,0,0,0,0,0,0,41,0,0,0,0,0,16,0,0,0,0,8,0,0,0,0,16,9,0,0,0,6,10,0,0,19,17,0,0,0,0,0,0,0,0,0,15,3,0,0,0,0,0,0,8,0,0,0,0,0,0,0,20,0,0,0,0,0,0,0,20,0,0,0,4,5,0,0,39,0,0,4,70,1,0,0,0,0,0,0,0,0,0,0,0,0,0,0,0,0,0,0,0,0,0,19,0,0,0,0,0,0,0,0,11,0,0,0,0,0,0,0,0,0,0,0,0,7,0,39,0,0,0,0,0,0,0,17,0,0,0,0,40,0,0,0,24,0,4,7,61,0,0,0,0,0,0,0,3,0,0,0,0,0,35,0,0,0,0,0,24",,,,,,,"Thailand,373.80,THA"
South Georgia & South Sandwich Islands,0,"0,0,0,0,0,0,0,0,0,5,0,0,42,13,0,0,0,0,0,0,6,0,0,0,0,0,0,0,0,2,0,0,0,0,0,0,0,0,41,0,0,0,0,0,16,0,0,0,0,8,0,0,0,0,16,9,0,0,0,6,10,0,0,19,17,0,0,0,0,0,0,0,0,0,15,3,0,0,0,0,0,0,8,0,0,0,0,0,0,0,20,0,0,0,0,0,0,0,20,0,0,0,4,5,0,0,39,0,0,4,70,1,0,0,0,0,0,0,0,0,0,0,0,0,0,0,0,0,0,0,0,0,0,19,0,0,0,0,0,0,0,0,11,0,0,0,0,0,0,0,0,0,0,0,0,7,0,39,0,0,0,0,0,0,0,17,0,0,0,0,40,0,0,0,24,0,4,7,61,0,0,0,0,0,0,0,3,0,0,0,0,0,35,0,0,0,0,0,24,0",,,,,,,"Timor-Leste,4.51,TLS"
South Korea,0,"0,0,0,0,0,0,0,0,0,5,0,0,42,13,0,0,0,0,0,0,6,0,0,0,0,0,0,0,0,2,0,0,0,0,0,0,0,0,41,0,0,0,0,0,16,0,0,0,0,8,0,0,0,0,16,9,0,0,0,6,10,0,0,19,17,0,0,0,0,0,0,0,0,0,15,3,0,0,0,0,0,0,8,0,0,0,0,0,0,0,20,0,0,0,0,0,0,0,20,0,0,0,4,5,0,0,39,0,0,4,70,1,0,0,0,0,0,0,0,0,0,0,0,0,0,0,0,0,0,0,0,0,0,19,0,0,0,0,0,0,0,0,11,0,0,0,0,0,0,0,0,0,0,0,0,7,0,39,0,0,0,0,0,0,0,17,0,0,0,0,40,0,0,0,24,0,4,7,61,0,0,0,0,0,0,0,3,0,0,0,0,0,35,0,0,0,0,0,24,0,0",,,,,,,"Togo,4.84,TGO"
South Sudan,0,"0,0,0,0,0,0,0,0,0,5,0,0,42,13,0,0,0,0,0,0,6,0,0,0,0,0,0,0,0,2,0,0,0,0,0,0,0,0,41,0,0,0,0,0,16,0,0,0,0,8,0,0,0,0,16,9,0,0,0,6,10,0,0,19,17,0,0,0,0,0,0,0,0,0,15,3,0,0,0,0,0,0,8,0,0,0,0,0,0,0,20,0,0,0,0,0,0,0,20,0,0,0,4,5,0,0,39,0,0,4,70,1,0,0,0,0,0,0,0,0,0,0,0,0,0,0,0,0,0,0,0,0,0,19,0,0,0,0,0,0,0,0,11,0,0,0,0,0,0,0,0,0,0,0,0,7,0,39,0,0,0,0,0,0,0,17,0,0,0,0,40,0,0,0,24,0,4,7,61,0,0,0,0,0,0,0,3,0,0,0,0,0,35,0,0,0,0,0,24,0,0,0",,,,,,,"Tonga,0.49,TON"
Spain,5,"0,0,0,0,0,0,0,0,0,5,0,0,42,13,0,0,0,0,0,0,6,0,0,0,0,0,0,0,0,2,0,0,0,0,0,0,0,0,41,0,0,0,0,0,16,0,0,0,0,8,0,0,0,0,16,9,0,0,0,6,10,0,0,19,17,0,0,0,0,0,0,0,0,0,15,3,0,0,0,0,0,0,8,0,0,0,0,0,0,0,20,0,0,0,0,0,0,0,20,0,0,0,4,5,0,0,39,0,0,4,70,1,0,0,0,0,0,0,0,0,0,0,0,0,0,0,0,0,0,0,0,0,0,19,0,0,0,0,0,0,0,0,11,0,0,0,0,0,0,0,0,0,0,0,0,7,0,39,0,0,0,0,0,0,0,17,0,0,0,0,40,0,0,0,24,0,4,7,61,0,0,0,0,0,0,0,3,0,0,0,0,0,35,0,0,0,0,0,24,0,0,0,5",,,,,,,"Trinidad and Tobago,29.63,TTO"
Sri Lanka,0,"0,0,0,0,0,0,0,0,0,5,0,0,42,13,0,0,0,0,0,0,6,0,0,0,0,0,0,0,0,2,0,0,0,0,0,0,0,0,41,0,0,0,0,0,16,0,0,0,0,8,0,0,0,0,16,9,0,0,0,6,10,0,0,19,17,0,0,0,0,0,0,0,0,0,15,3,0,0,0,0,0,0,8,0,0,0,0,0,0,0,20,0,0,0,0,0,0,0,20,0,0,0,4,5,0,0,39,0,0,4,70,1,0,0,0,0,0,0,0,0,0,0,0,0,0,0,0,0,0,0,0,0,0,19,0,0,0,0,0,0,0,0,11,0,0,0,0,0,0,0,0,0,0,0,0,7,0,39,0,0,0,0,0,0,0,17,0,0,0,0,40,0,0,0,24,0,4,7,61,0,0,0,0,0,0,0,3,0,0,0,0,0,35,0,0,0,0,0,24,0,0,0,5,0",,,,,,,"Tunisia,49.12,TUN"
St. Barthí©lemy,0,"0,0,0,0,0,0,0,0,0,5,0,0,42,13,0,0,0,0,0,0,6,0,0,0,0,0,0,0,0,2,0,0,0,0,0,0,0,0,41,0,0,0,0,0,16,0,0,0,0,8,0,0,0,0,16,9,0,0,0,6,10,0,0,19,17,0,0,0,0,0,0,0,0,0,15,3,0,0,0,0,0,0,8,0,0,0,0,0,0,0,20,0,0,0,0,0,0,0,20,0,0,0,4,5,0,0,39,0,0,4,70,1,0,0,0,0,0,0,0,0,0,0,0,0,0,0,0,0,0,0,0,0,0,19,0,0,0,0,0,0,0,0,11,0,0,0,0,0,0,0,0,0,0,0,0,7,0,39,0,0,0,0,0,0,0,17,0,0,0,0,40,0,0,0,24,0,4,7,61,0,0,0,0,0,0,0,3,0,0,0,0,0,35,0,0,0,0,0,24,0,0,0,5,0,0",,,,,,,"Turkey,813.30,TUR"
St. Helena,0,"0,0,0,0,0,0,0,0,0,5,0,0,42,13,0,0,0,0,0,0,6,0,0,0,0,0,0,0,0,2,0,0,0,0,0,0,0,0,41,0,0,0,0,0,16,0,0,0,0,8,0,0,0,0,16,9,0,0,0,6,10,0,0,19,17,0,0,0,0,0,0,0,0,0,15,3,0,0,0,0,0,0,8,0,0,0,0,0,0,0,20,0,0,0,0,0,0,0,20,0,0,0,4,5,0,0,39,0,0,4,70,1,0,0,0,0,0,0,0,0,0,0,0,0,0,0,0,0,0,0,0,0,0,19,0,0,0,0,0,0,0,0,11,0,0,0,0,0,0,0,0,0,0,0,0,7,0,39,0,0,0,0,0,0,0,17,0,0,0,0,40,0,0,0,24,0,4,7,61,0,0,0,0,0,0,0,3,0,0,0,0,0,35,0,0,0,0,0,24,0,0,0,5,0,0,0",,,,,,,"Turkmenistan,43.50,TKM"
St. Kitts & Nevis,0,"0,0,0,0,0,0,0,0,0,5,0,0,42,13,0,0,0,0,0,0,6,0,0,0,0,0,0,0,0,2,0,0,0,0,0,0,0,0,41,0,0,0,0,0,16,0,0,0,0,8,0,0,0,0,16,9,0,0,0,6,10,0,0,19,17,0,0,0,0,0,0,0,0,0,15,3,0,0,0,0,0,0,8,0,0,0,0,0,0,0,20,0,0,0,0,0,0,0,20,0,0,0,4,5,0,0,39,0,0,4,70,1,0,0,0,0,0,0,0,0,0,0,0,0,0,0,0,0,0,0,0,0,0,19,0,0,0,0,0,0,0,0,11,0,0,0,0,0,0,0,0,0,0,0,0,7,0,39,0,0,0,0,0,0,0,17,0,0,0,0,40,0,0,0,24,0,4,7,61,0,0,0,0,0,0,0,3,0,0,0,0,0,35,0,0,0,0,0,24,0,0,0,5,0,0,0,0",,,,,,,"Tuvalu,0.04,TUV"
St. Lucia,0,"0,0,0,0,0,0,0,0,0,5,0,0,42,13,0,0,0,0,0,0,6,0,0,0,0,0,0,0,0,2,0,0,0,0,0,0,0,0,41,0,0,0,0,0,16,0,0,0,0,8,0,0,0,0,16,9,0,0,0,6,10,0,0,19,17,0,0,0,0,0,0,0,0,0,15,3,0,0,0,0,0,0,8,0,0,0,0,0,0,0,20,0,0,0,0,0,0,0,20,0,0,0,4,5,0,0,39,0,0,4,70,1,0,0,0,0,0,0,0,0,0,0,0,0,0,0,0,0,0,0,0,0,0,19,0,0,0,0,0,0,0,0,11,0,0,0,0,0,0,0,0,0,0,0,0,7,0,39,0,0,0,0,0,0,0,17,0,0,0,0,40,0,0,0,24,0,4,7,61,0,0,0,0,0,0,0,3,0,0,0,0,0,35,0,0,0,0,0,24,0,0,0,5,0,0,0,0,0",,,,,,,"Uganda,26.09,UGA"
St. Martin,0,"0,0,0,0,0,0,0,0,0,5,0,0,42,13,0,0,0,0,0,0,6,0,0,0,0,0,0,0,0,2,0,0,0,0,0,0,0,0,41,0,0,0,0,0,16,0,0,0,0,8,0,0,0,0,16,9,0,0,0,6,10,0,0,19,17,0,0,0,0,0,0,0,0,0,15,3,0,0,0,0,0,0,8,0,0,0,0,0,0,0,20,0,0,0,0,0,0,0,20,0,0,0,4,5,0,0,39,0,0,4,70,1,0,0,0,0,0,0,0,0,0,0,0,0,0,0,0,0,0,0,0,0,0,19,0,0,0,0,0,0,0,0,11,0,0,0,0,0,0,0,0,0,0,0,0,7,0,39,0,0,0,0,0,0,0,17,0,0,0,0,40,0,0,0,24,0,4,7,61,0,0,0,0,0,0,0,3,0,0,0,0,0,35,0,0,0,0,0,24,0,0,0,5,0,0,0,0,0,0",,,,,,,"Ukraine,134.90,UKR"
St. Pierre & Miquelon,0,"0,0,0,0,0,0,0,0,0,5,0,0,42,13,0,0,0,0,0,0,6,0,0,0,0,0,0,0,0,2,0,0,0,0,0,0,0,0,41,0,0,0,0,0,16,0,0,0,0,8,0,0,0,0,16,9,0,0,0,6,10,0,0,19,17,0,0,0,0,0,0,0,0,0,15,3,0,0,0,0,0,0,8,0,0,0,0,0,0,0,20,0,0,0,0,0,0,0,20,0,0,0,4,5,0,0,39,0,0,4,70,1,0,0,0,0,0,0,0,0,0,0,0,0,0,0,0,0,0,0,0,0,0,19,0,0,0,0,0,0,0,0,11,0,0,0,0,0,0,0,0,0,0,0,0,7,0,39,0,0,0,0,0,0,0,17,0,0,0,0,40,0,0,0,24,0,4,7,61,0,0,0,0,0,0,0,3,0,0,0,0,0,35,0,0,0,0,0,24,0,0,0,5,0,0,0,0,0,0,0",,,,,,,"United Arab Emirates,416.40,ARE"
St. Vincent & Grenadines,0,"0,0,0,0,0,0,0,0,0,5,0,0,42,13,0,0,0,0,0,0,6,0,0,0,0,0,0,0,0,2,0,0,0,0,0,0,0,0,41,0,0,0,0,0,16,0,0,0,0,8,0,0,0,0,16,9,0,0,0,6,10,0,0,19,17,0,0,0,0,0,0,0,0,0,15,3,0,0,0,0,0,0,8,0,0,0,0,0,0,0,20,0,0,0,0,0,0,0,20,0,0,0,4,5,0,0,39,0,0,4,70,1,0,0,0,0,0,0,0,0,0,0,0,0,0,0,0,0,0,0,0,0,0,19,0,0,0,0,0,0,0,0,11,0,0,0,0,0,0,0,0,0,0,0,0,7,0,39,0,0,0,0,0,0,0,17,0,0,0,0,40,0,0,0,24,0,4,7,61,0,0,0,0,0,0,0,3,0,0,0,0,0,35,0,0,0,0,0,24,0,0,0,5,0,0,0,0,0,0,0,0",,,,,,,"United Kingdom,2848.00,GBR"
Sudan,0,"0,0,0,0,0,0,0,0,0,5,0,0,42,13,0,0,0,0,0,0,6,0,0,0,0,0,0,0,0,2,0,0,0,0,0,0,0,0,41,0,0,0,0,0,16,0,0,0,0,8,0,0,0,0,16,9,0,0,0,6,10,0,0,19,17,0,0,0,0,0,0,0,0,0,15,3,0,0,0,0,0,0,8,0,0,0,0,0,0,0,20,0,0,0,0,0,0,0,20,0,0,0,4,5,0,0,39,0,0,4,70,1,0,0,0,0,0,0,0,0,0,0,0,0,0,0,0,0,0,0,0,0,0,19,0,0,0,0,0,0,0,0,11,0,0,0,0,0,0,0,0,0,0,0,0,7,0,39,0,0,0,0,0,0,0,17,0,0,0,0,40,0,0,0,24,0,4,7,61,0,0,0,0,0,0,0,3,0,0,0,0,0,35,0,0,0,0,0,24,0,0,0,5,0,0,0,0,0,0,0,0,0",,,,,,,"United States,17420.00,USA"
Suriname,0,"0,0,0,0,0,0,0,0,0,5,0,0,42,13,0,0,0,0,0,0,6,0,0,0,0,0,0,0,0,2,0,0,0,0,0,0,0,0,41,0,0,0,0,0,16,0,0,0,0,8,0,0,0,0,16,9,0,0,0,6,10,0,0,19,17,0,0,0,0,0,0,0,0,0,15,3,0,0,0,0,0,0,8,0,0,0,0,0,0,0,20,0,0,0,0,0,0,0,20,0,0,0,4,5,0,0,39,0,0,4,70,1,0,0,0,0,0,0,0,0,0,0,0,0,0,0,0,0,0,0,0,0,0,19,0,0,0,0,0,0,0,0,11,0,0,0,0,0,0,0,0,0,0,0,0,7,0,39,0,0,0,0,0,0,0,17,0,0,0,0,40,0,0,0,24,0,4,7,61,0,0,0,0,0,0,0,3,0,0,0,0,0,35,0,0,0,0,0,24,0,0,0,5,0,0,0,0,0,0,0,0,0,0",,,,,,,"Uruguay,55.60,URY"
Svalbard & Jan Mayen,0,"0,0,0,0,0,0,0,0,0,5,0,0,42,13,0,0,0,0,0,0,6,0,0,0,0,0,0,0,0,2,0,0,0,0,0,0,0,0,41,0,0,0,0,0,16,0,0,0,0,8,0,0,0,0,16,9,0,0,0,6,10,0,0,19,17,0,0,0,0,0,0,0,0,0,15,3,0,0,0,0,0,0,8,0,0,0,0,0,0,0,20,0,0,0,0,0,0,0,20,0,0,0,4,5,0,0,39,0,0,4,70,1,0,0,0,0,0,0,0,0,0,0,0,0,0,0,0,0,0,0,0,0,0,19,0,0,0,0,0,0,0,0,11,0,0,0,0,0,0,0,0,0,0,0,0,7,0,39,0,0,0,0,0,0,0,17,0,0,0,0,40,0,0,0,24,0,4,7,61,0,0,0,0,0,0,0,3,0,0,0,0,0,35,0,0,0,0,0,24,0,0,0,5,0,0,0,0,0,0,0,0,0,0,0",,,,,,,"Uzbekistan,63.08,UZB"
Swaziland,0,"0,0,0,0,0,0,0,0,0,5,0,0,42,13,0,0,0,0,0,0,6,0,0,0,0,0,0,0,0,2,0,0,0,0,0,0,0,0,41,0,0,0,0,0,16,0,0,0,0,8,0,0,0,0,16,9,0,0,0,6,10,0,0,19,17,0,0,0,0,0,0,0,0,0,15,3,0,0,0,0,0,0,8,0,0,0,0,0,0,0,20,0,0,0,0,0,0,0,20,0,0,0,4,5,0,0,39,0,0,4,70,1,0,0,0,0,0,0,0,0,0,0,0,0,0,0,0,0,0,0,0,0,0,19,0,0,0,0,0,0,0,0,11,0,0,0,0,0,0,0,0,0,0,0,0,7,0,39,0,0,0,0,0,0,0,17,0,0,0,0,40,0,0,0,24,0,4,7,61,0,0,0,0,0,0,0,3,0,0,0,0,0,35,0,0,0,0,0,24,0,0,0,5,0,0,0,0,0,0,0,0,0,0,0,0",,,,,,,"Vanuatu,0.82,VUT"
Sweden,24,"0,0,0,0,0,0,0,0,0,5,0,0,42,13,0,0,0,0,0,0,6,0,0,0,0,0,0,0,0,2,0,0,0,0,0,0,0,0,41,0,0,0,0,0,16,0,0,0,0,8,0,0,0,0,16,9,0,0,0,6,10,0,0,19,17,0,0,0,0,0,0,0,0,0,15,3,0,0,0,0,0,0,8,0,0,0,0,0,0,0,20,0,0,0,0,0,0,0,20,0,0,0,4,5,0,0,39,0,0,4,70,1,0,0,0,0,0,0,0,0,0,0,0,0,0,0,0,0,0,0,0,0,0,19,0,0,0,0,0,0,0,0,11,0,0,0,0,0,0,0,0,0,0,0,0,7,0,39,0,0,0,0,0,0,0,17,0,0,0,0,40,0,0,0,24,0,4,7,61,0,0,0,0,0,0,0,3,0,0,0,0,0,35,0,0,0,0,0,24,0,0,0,5,0,0,0,0,0,0,0,0,0,0,0,0,24",,,,,,,"Venezuela,209.20,VEN"
Switzerland,9,"0,0,0,0,0,0,0,0,0,5,0,0,42,13,0,0,0,0,0,0,6,0,0,0,0,0,0,0,0,2,0,0,0,0,0,0,0,0,41,0,0,0,0,0,16,0,0,0,0,8,0,0,0,0,16,9,0,0,0,6,10,0,0,19,17,0,0,0,0,0,0,0,0,0,15,3,0,0,0,0,0,0,8,0,0,0,0,0,0,0,20,0,0,0,0,0,0,0,20,0,0,0,4,5,0,0,39,0,0,4,70,1,0,0,0,0,0,0,0,0,0,0,0,0,0,0,0,0,0,0,0,0,0,19,0,0,0,0,0,0,0,0,11,0,0,0,0,0,0,0,0,0,0,0,0,7,0,39,0,0,0,0,0,0,0,17,0,0,0,0,40,0,0,0,24,0,4,7,61,0,0,0,0,0,0,0,3,0,0,0,0,0,35,0,0,0,0,0,24,0,0,0,5,0,0,0,0,0,0,0,0,0,0,0,0,24,9",,,,,,,"Vietnam,187.80,VNM"
Syria,0,"0,0,0,0,0,0,0,0,0,5,0,0,42,13,0,0,0,0,0,0,6,0,0,0,0,0,0,0,0,2,0,0,0,0,0,0,0,0,41,0,0,0,0,0,16,0,0,0,0,8,0,0,0,0,16,9,0,0,0,6,10,0,0,19,17,0,0,0,0,0,0,0,0,0,15,3,0,0,0,0,0,0,8,0,0,0,0,0,0,0,20,0,0,0,0,0,0,0,20,0,0,0,4,5,0,0,39,0,0,4,70,1,0,0,0,0,0,0,0,0,0,0,0,0,0,0,0,0,0,0,0,0,0,19,0,0,0,0,0,0,0,0,11,0,0,0,0,0,0,0,0,0,0,0,0,7,0,39,0,0,0,0,0,0,0,17,0,0,0,0,40,0,0,0,24,0,4,7,61,0,0,0,0,0,0,0,3,0,0,0,0,0,35,0,0,0,0,0,24,0,0,0,5,0,0,0,0,0,0,0,0,0,0,0,0,24,9,0",,,,,,,"Virgin Islands,5.08,VGB"
Taiwan,0,"0,0,0,0,0,0,0,0,0,5,0,0,42,13,0,0,0,0,0,0,6,0,0,0,0,0,0,0,0,2,0,0,0,0,0,0,0,0,41,0,0,0,0,0,16,0,0,0,0,8,0,0,0,0,16,9,0,0,0,6,10,0,0,19,17,0,0,0,0,0,0,0,0,0,15,3,0,0,0,0,0,0,8,0,0,0,0,0,0,0,20,0,0,0,0,0,0,0,20,0,0,0,4,5,0,0,39,0,0,4,70,1,0,0,0,0,0,0,0,0,0,0,0,0,0,0,0,0,0,0,0,0,0,19,0,0,0,0,0,0,0,0,11,0,0,0,0,0,0,0,0,0,0,0,0,7,0,39,0,0,0,0,0,0,0,17,0,0,0,0,40,0,0,0,24,0,4,7,61,0,0,0,0,0,0,0,3,0,0,0,0,0,35,0,0,0,0,0,24,0,0,0,5,0,0,0,0,0,0,0,0,0,0,0,0,24,9,0,0",,,,,,,"West Bank,6.64,WBG"
Tajikistan,0,"0,0,0,0,0,0,0,0,0,5,0,0,42,13,0,0,0,0,0,0,6,0,0,0,0,0,0,0,0,2,0,0,0,0,0,0,0,0,41,0,0,0,0,0,16,0,0,0,0,8,0,0,0,0,16,9,0,0,0,6,10,0,0,19,17,0,0,0,0,0,0,0,0,0,15,3,0,0,0,0,0,0,8,0,0,0,0,0,0,0,20,0,0,0,0,0,0,0,20,0,0,0,4,5,0,0,39,0,0,4,70,1,0,0,0,0,0,0,0,0,0,0,0,0,0,0,0,0,0,0,0,0,0,19,0,0,0,0,0,0,0,0,11,0,0,0,0,0,0,0,0,0,0,0,0,7,0,39,0,0,0,0,0,0,0,17,0,0,0,0,40,0,0,0,24,0,4,7,61,0,0,0,0,0,0,0,3,0,0,0,0,0,35,0,0,0,0,0,24,0,0,0,5,0,0,0,0,0,0,0,0,0,0,0,0,24,9,0,0,0",,,,,,,"Yemen,45.45,YEM"
Tanzania,0,"0,0,0,0,0,0,0,0,0,5,0,0,42,13,0,0,0,0,0,0,6,0,0,0,0,0,0,0,0,2,0,0,0,0,0,0,0,0,41,0,0,0,0,0,16,0,0,0,0,8,0,0,0,0,16,9,0,0,0,6,10,0,0,19,17,0,0,0,0,0,0,0,0,0,15,3,0,0,0,0,0,0,8,0,0,0,0,0,0,0,20,0,0,0,0,0,0,0,20,0,0,0,4,5,0,0,39,0,0,4,70,1,0,0,0,0,0,0,0,0,0,0,0,0,0,0,0,0,0,0,0,0,0,19,0,0,0,0,0,0,0,0,11,0,0,0,0,0,0,0,0,0,0,0,0,7,0,39,0,0,0,0,0,0,0,17,0,0,0,0,40,0,0,0,24,0,4,7,61,0,0,0,0,0,0,0,3,0,0,0,0,0,35,0,0,0,0,0,24,0,0,0,5,0,0,0,0,0,0,0,0,0,0,0,0,24,9,0,0,0,0",,,,,,,"Zambia,25.61,ZMB"
Thailand,4,"0,0,0,0,0,0,0,0,0,5,0,0,42,13,0,0,0,0,0,0,6,0,0,0,0,0,0,0,0,2,0,0,0,0,0,0,0,0,41,0,0,0,0,0,16,0,0,0,0,8,0,0,0,0,16,9,0,0,0,6,10,0,0,19,17,0,0,0,0,0,0,0,0,0,15,3,0,0,0,0,0,0,8,0,0,0,0,0,0,0,20,0,0,0,0,0,0,0,20,0,0,0,4,5,0,0,39,0,0,4,70,1,0,0,0,0,0,0,0,0,0,0,0,0,0,0,0,0,0,0,0,0,0,19,0,0,0,0,0,0,0,0,11,0,0,0,0,0,0,0,0,0,0,0,0,7,0,39,0,0,0,0,0,0,0,17,0,0,0,0,40,0,0,0,24,0,4,7,61,0,0,0,0,0,0,0,3,0,0,0,0,0,35,0,0,0,0,0,24,0,0,0,5,0,0,0,0,0,0,0,0,0,0,0,0,24,9,0,0,0,0,4",,,,,,,"Zimbabwe,13.74,ZWE"
Timor-Leste,0,"0,0,0,0,0,0,0,0,0,5,0,0,42,13,0,0,0,0,0,0,6,0,0,0,0,0,0,0,0,2,0,0,0,0,0,0,0,0,41,0,0,0,0,0,16,0,0,0,0,8,0,0,0,0,16,9,0,0,0,6,10,0,0,19,17,0,0,0,0,0,0,0,0,0,15,3,0,0,0,0,0,0,8,0,0,0,0,0,0,0,20,0,0,0,0,0,0,0,20,0,0,0,4,5,0,0,39,0,0,4,70,1,0,0,0,0,0,0,0,0,0,0,0,0,0,0,0,0,0,0,0,0,0,19,0,0,0,0,0,0,0,0,11,0,0,0,0,0,0,0,0,0,0,0,0,7,0,39,0,0,0,0,0,0,0,17,0,0,0,0,40,0,0,0,24,0,4,7,61,0,0,0,0,0,0,0,3,0,0,0,0,0,35,0,0,0,0,0,24,0,0,0,5,0,0,0,0,0,0,0,0,0,0,0,0,24,9,0,0,0,0,4,0",,,,,,,
Togo,0,"0,0,0,0,0,0,0,0,0,5,0,0,42,13,0,0,0,0,0,0,6,0,0,0,0,0,0,0,0,2,0,0,0,0,0,0,0,0,41,0,0,0,0,0,16,0,0,0,0,8,0,0,0,0,16,9,0,0,0,6,10,0,0,19,17,0,0,0,0,0,0,0,0,0,15,3,0,0,0,0,0,0,8,0,0,0,0,0,0,0,20,0,0,0,0,0,0,0,20,0,0,0,4,5,0,0,39,0,0,4,70,1,0,0,0,0,0,0,0,0,0,0,0,0,0,0,0,0,0,0,0,0,0,19,0,0,0,0,0,0,0,0,11,0,0,0,0,0,0,0,0,0,0,0,0,7,0,39,0,0,0,0,0,0,0,17,0,0,0,0,40,0,0,0,24,0,4,7,61,0,0,0,0,0,0,0,3,0,0,0,0,0,35,0,0,0,0,0,24,0,0,0,5,0,0,0,0,0,0,0,0,0,0,0,0,24,9,0,0,0,0,4,0,0",,,,,,,
Tokelau,0,"0,0,0,0,0,0,0,0,0,5,0,0,42,13,0,0,0,0,0,0,6,0,0,0,0,0,0,0,0,2,0,0,0,0,0,0,0,0,41,0,0,0,0,0,16,0,0,0,0,8,0,0,0,0,16,9,0,0,0,6,10,0,0,19,17,0,0,0,0,0,0,0,0,0,15,3,0,0,0,0,0,0,8,0,0,0,0,0,0,0,20,0,0,0,0,0,0,0,20,0,0,0,4,5,0,0,39,0,0,4,70,1,0,0,0,0,0,0,0,0,0,0,0,0,0,0,0,0,0,0,0,0,0,19,0,0,0,0,0,0,0,0,11,0,0,0,0,0,0,0,0,0,0,0,0,7,0,39,0,0,0,0,0,0,0,17,0,0,0,0,40,0,0,0,24,0,4,7,61,0,0,0,0,0,0,0,3,0,0,0,0,0,35,0,0,0,0,0,24,0,0,0,5,0,0,0,0,0,0,0,0,0,0,0,0,24,9,0,0,0,0,4,0,0,0",,,,,,,
Tonga,0,"0,0,0,0,0,0,0,0,0,5,0,0,42,13,0,0,0,0,0,0,6,0,0,0,0,0,0,0,0,2,0,0,0,0,0,0,0,0,41,0,0,0,0,0,16,0,0,0,0,8,0,0,0,0,16,9,0,0,0,6,10,0,0,19,17,0,0,0,0,0,0,0,0,0,15,3,0,0,0,0,0,0,8,0,0,0,0,0,0,0,20,0,0,0,0,0,0,0,20,0,0,0,4,5,0,0,39,0,0,4,70,1,0,0,0,0,0,0,0,0,0,0,0,0,0,0,0,0,0,0,0,0,0,19,0,0,0,0,0,0,0,0,11,0,0,0,0,0,0,0,0,0,0,0,0,7,0,39,0,0,0,0,0,0,0,17,0,0,0,0,40,0,0,0,24,0,4,7,61,0,0,0,0,0,0,0,3,0,0,0,0,0,35,0,0,0,0,0,24,0,0,0,5,0,0,0,0,0,0,0,0,0,0,0,0,24,9,0,0,0,0,4,0,0,0,0",,,,,,,
Trinidad & Tobago,100,"0,0,0,0,0,0,0,0,0,5,0,0,42,13,0,0,0,0,0,0,6,0,0,0,0,0,0,0,0,2,0,0,0,0,0,0,0,0,41,0,0,0,0,0,16,0,0,0,0,8,0,0,0,0,16,9,0,0,0,6,10,0,0,19,17,0,0,0,0,0,0,0,0,0,15,3,0,0,0,0,0,0,8,0,0,0,0,0,0,0,20,0,0,0,0,0,0,0,20,0,0,0,4,5,0,0,39,0,0,4,70,1,0,0,0,0,0,0,0,0,0,0,0,0,0,0,0,0,0,0,0,0,0,19,0,0,0,0,0,0,0,0,11,0,0,0,0,0,0,0,0,0,0,0,0,7,0,39,0,0,0,0,0,0,0,17,0,0,0,0,40,0,0,0,24,0,4,7,61,0,0,0,0,0,0,0,3,0,0,0,0,0,35,0,0,0,0,0,24,0,0,0,5,0,0,0,0,0,0,0,0,0,0,0,0,24,9,0,0,0,0,4,0,0,0,0,100",,,,,,,
Tunisia,0,"0,0,0,0,0,0,0,0,0,5,0,0,42,13,0,0,0,0,0,0,6,0,0,0,0,0,0,0,0,2,0,0,0,0,0,0,0,0,41,0,0,0,0,0,16,0,0,0,0,8,0,0,0,0,16,9,0,0,0,6,10,0,0,19,17,0,0,0,0,0,0,0,0,0,15,3,0,0,0,0,0,0,8,0,0,0,0,0,0,0,20,0,0,0,0,0,0,0,20,0,0,0,4,5,0,0,39,0,0,4,70,1,0,0,0,0,0,0,0,0,0,0,0,0,0,0,0,0,0,0,0,0,0,19,0,0,0,0,0,0,0,0,11,0,0,0,0,0,0,0,0,0,0,0,0,7,0,39,0,0,0,0,0,0,0,17,0,0,0,0,40,0,0,0,24,0,4,7,61,0,0,0,0,0,0,0,3,0,0,0,0,0,35,0,0,0,0,0,24,0,0,0,5,0,0,0,0,0,0,0,0,0,0,0,0,24,9,0,0,0,0,4,0,0,0,0,100,0",,,,,,,
Turkey,1,"0,0,0,0,0,0,0,0,0,5,0,0,42,13,0,0,0,0,0,0,6,0,0,0,0,0,0,0,0,2,0,0,0,0,0,0,0,0,41,0,0,0,0,0,16,0,0,0,0,8,0,0,0,0,16,9,0,0,0,6,10,0,0,19,17,0,0,0,0,0,0,0,0,0,15,3,0,0,0,0,0,0,8,0,0,0,0,0,0,0,20,0,0,0,0,0,0,0,20,0,0,0,4,5,0,0,39,0,0,4,70,1,0,0,0,0,0,0,0,0,0,0,0,0,0,0,0,0,0,0,0,0,0,19,0,0,0,0,0,0,0,0,11,0,0,0,0,0,0,0,0,0,0,0,0,7,0,39,0,0,0,0,0,0,0,17,0,0,0,0,40,0,0,0,24,0,4,7,61,0,0,0,0,0,0,0,3,0,0,0,0,0,35,0,0,0,0,0,24,0,0,0,5,0,0,0,0,0,0,0,0,0,0,0,0,24,9,0,0,0,0,4,0,0,0,0,100,0,1",,,,,,,
Turkmenistan,0,"0,0,0,0,0,0,0,0,0,5,0,0,42,13,0,0,0,0,0,0,6,0,0,0,0,0,0,0,0,2,0,0,0,0,0,0,0,0,41,0,0,0,0,0,16,0,0,0,0,8,0,0,0,0,16,9,0,0,0,6,10,0,0,19,17,0,0,0,0,0,0,0,0,0,15,3,0,0,0,0,0,0,8,0,0,0,0,0,0,0,20,0,0,0,0,0,0,0,20,0,0,0,4,5,0,0,39,0,0,4,70,1,0,0,0,0,0,0,0,0,0,0,0,0,0,0,0,0,0,0,0,0,0,19,0,0,0,0,0,0,0,0,11,0,0,0,0,0,0,0,0,0,0,0,0,7,0,39,0,0,0,0,0,0,0,17,0,0,0,0,40,0,0,0,24,0,4,7,61,0,0,0,0,0,0,0,3,0,0,0,0,0,35,0,0,0,0,0,24,0,0,0,5,0,0,0,0,0,0,0,0,0,0,0,0,24,9,0,0,0,0,4,0,0,0,0,100,0,1,0",,,,,,,
Turks & Caicos Islands,0,"0,0,0,0,0,0,0,0,0,5,0,0,42,13,0,0,0,0,0,0,6,0,0,0,0,0,0,0,0,2,0,0,0,0,0,0,0,0,41,0,0,0,0,0,16,0,0,0,0,8,0,0,0,0,16,9,0,0,0,6,10,0,0,19,17,0,0,0,0,0,0,0,0,0,15,3,0,0,0,0,0,0,8,0,0,0,0,0,0,0,20,0,0,0,0,0,0,0,20,0,0,0,4,5,0,0,39,0,0,4,70,1,0,0,0,0,0,0,0,0,0,0,0,0,0,0,0,0,0,0,0,0,0,19,0,0,0,0,0,0,0,0,11,0,0,0,0,0,0,0,0,0,0,0,0,7,0,39,0,0,0,0,0,0,0,17,0,0,0,0,40,0,0,0,24,0,4,7,61,0,0,0,0,0,0,0,3,0,0,0,0,0,35,0,0,0,0,0,24,0,0,0,5,0,0,0,0,0,0,0,0,0,0,0,0,24,9,0,0,0,0,4,0,0,0,0,100,0,1,0,0",,,,,,,
Tuvalu,0,"0,0,0,0,0,0,0,0,0,5,0,0,42,13,0,0,0,0,0,0,6,0,0,0,0,0,0,0,0,2,0,0,0,0,0,0,0,0,41,0,0,0,0,0,16,0,0,0,0,8,0,0,0,0,16,9,0,0,0,6,10,0,0,19,17,0,0,0,0,0,0,0,0,0,15,3,0,0,0,0,0,0,8,0,0,0,0,0,0,0,20,0,0,0,0,0,0,0,20,0,0,0,4,5,0,0,39,0,0,4,70,1,0,0,0,0,0,0,0,0,0,0,0,0,0,0,0,0,0,0,0,0,0,19,0,0,0,0,0,0,0,0,11,0,0,0,0,0,0,0,0,0,0,0,0,7,0,39,0,0,0,0,0,0,0,17,0,0,0,0,40,0,0,0,24,0,4,7,61,0,0,0,0,0,0,0,3,0,0,0,0,0,35,0,0,0,0,0,24,0,0,0,5,0,0,0,0,0,0,0,0,0,0,0,0,24,9,0,0,0,0,4,0,0,0,0,100,0,1,0,0,0",,,,,,,
U.S. Outlying Islands,0,"0,0,0,0,0,0,0,0,0,5,0,0,42,13,0,0,0,0,0,0,6,0,0,0,0,0,0,0,0,2,0,0,0,0,0,0,0,0,41,0,0,0,0,0,16,0,0,0,0,8,0,0,0,0,16,9,0,0,0,6,10,0,0,19,17,0,0,0,0,0,0,0,0,0,15,3,0,0,0,0,0,0,8,0,0,0,0,0,0,0,20,0,0,0,0,0,0,0,20,0,0,0,4,5,0,0,39,0,0,4,70,1,0,0,0,0,0,0,0,0,0,0,0,0,0,0,0,0,0,0,0,0,0,19,0,0,0,0,0,0,0,0,11,0,0,0,0,0,0,0,0,0,0,0,0,7,0,39,0,0,0,0,0,0,0,17,0,0,0,0,40,0,0,0,24,0,4,7,61,0,0,0,0,0,0,0,3,0,0,0,0,0,35,0,0,0,0,0,24,0,0,0,5,0,0,0,0,0,0,0,0,0,0,0,0,24,9,0,0,0,0,4,0,0,0,0,100,0,1,0,0,0,0",,,,,,,
U.S. Virgin Islands,0,"0,0,0,0,0,0,0,0,0,5,0,0,42,13,0,0,0,0,0,0,6,0,0,0,0,0,0,0,0,2,0,0,0,0,0,0,0,0,41,0,0,0,0,0,16,0,0,0,0,8,0,0,0,0,16,9,0,0,0,6,10,0,0,19,17,0,0,0,0,0,0,0,0,0,15,3,0,0,0,0,0,0,8,0,0,0,0,0,0,0,20,0,0,0,0,0,0,0,20,0,0,0,4,5,0,0,39,0,0,4,70,1,0,0,0,0,0,0,0,0,0,0,0,0,0,0,0,0,0,0,0,0,0,19,0,0,0,0,0,0,0,0,11,0,0,0,0,0,0,0,0,0,0,0,0,7,0,39,0,0,0,0,0,0,0,17,0,0,0,0,40,0,0,0,24,0,4,7,61,0,0,0,0,0,0,0,3,0,0,0,0,0,35,0,0,0,0,0,24,0,0,0,5,0,0,0,0,0,0,0,0,0,0,0,0,24,9,0,0,0,0,4,0,0,0,0,100,0,1,0,0,0,0,0",,,,,,,
Uganda,0,"0,0,0,0,0,0,0,0,0,5,0,0,42,13,0,0,0,0,0,0,6,0,0,0,0,0,0,0,0,2,0,0,0,0,0,0,0,0,41,0,0,0,0,0,16,0,0,0,0,8,0,0,0,0,16,9,0,0,0,6,10,0,0,19,17,0,0,0,0,0,0,0,0,0,15,3,0,0,0,0,0,0,8,0,0,0,0,0,0,0,20,0,0,0,0,0,0,0,20,0,0,0,4,5,0,0,39,0,0,4,70,1,0,0,0,0,0,0,0,0,0,0,0,0,0,0,0,0,0,0,0,0,0,19,0,0,0,0,0,0,0,0,11,0,0,0,0,0,0,0,0,0,0,0,0,7,0,39,0,0,0,0,0,0,0,17,0,0,0,0,40,0,0,0,24,0,4,7,61,0,0,0,0,0,0,0,3,0,0,0,0,0,35,0,0,0,0,0,24,0,0,0,5,0,0,0,0,0,0,0,0,0,0,0,0,24,9,0,0,0,0,4,0,0,0,0,100,0,1,0,0,0,0,0,0",,,,,,,
Ukraine,0,"0,0,0,0,0,0,0,0,0,5,0,0,42,13,0,0,0,0,0,0,6,0,0,0,0,0,0,0,0,2,0,0,0,0,0,0,0,0,41,0,0,0,0,0,16,0,0,0,0,8,0,0,0,0,16,9,0,0,0,6,10,0,0,19,17,0,0,0,0,0,0,0,0,0,15,3,0,0,0,0,0,0,8,0,0,0,0,0,0,0,20,0,0,0,0,0,0,0,20,0,0,0,4,5,0,0,39,0,0,4,70,1,0,0,0,0,0,0,0,0,0,0,0,0,0,0,0,0,0,0,0,0,0,19,0,0,0,0,0,0,0,0,11,0,0,0,0,0,0,0,0,0,0,0,0,7,0,39,0,0,0,0,0,0,0,17,0,0,0,0,40,0,0,0,24,0,4,7,61,0,0,0,0,0,0,0,3,0,0,0,0,0,35,0,0,0,0,0,24,0,0,0,5,0,0,0,0,0,0,0,0,0,0,0,0,24,9,0,0,0,0,4,0,0,0,0,100,0,1,0,0,0,0,0,0,0",,,,,,,
United Arab Emirates,17,"0,0,0,0,0,0,0,0,0,5,0,0,42,13,0,0,0,0,0,0,6,0,0,0,0,0,0,0,0,2,0,0,0,0,0,0,0,0,41,0,0,0,0,0,16,0,0,0,0,8,0,0,0,0,16,9,0,0,0,6,10,0,0,19,17,0,0,0,0,0,0,0,0,0,15,3,0,0,0,0,0,0,8,0,0,0,0,0,0,0,20,0,0,0,0,0,0,0,20,0,0,0,4,5,0,0,39,0,0,4,70,1,0,0,0,0,0,0,0,0,0,0,0,0,0,0,0,0,0,0,0,0,0,19,0,0,0,0,0,0,0,0,11,0,0,0,0,0,0,0,0,0,0,0,0,7,0,39,0,0,0,0,0,0,0,17,0,0,0,0,40,0,0,0,24,0,4,7,61,0,0,0,0,0,0,0,3,0,0,0,0,0,35,0,0,0,0,0,24,0,0,0,5,0,0,0,0,0,0,0,0,0,0,0,0,24,9,0,0,0,0,4,0,0,0,0,100,0,1,0,0,0,0,0,0,0,17",,,,,,,
United Kingdom,33,"0,0,0,0,0,0,0,0,0,5,0,0,42,13,0,0,0,0,0,0,6,0,0,0,0,0,0,0,0,2,0,0,0,0,0,0,0,0,41,0,0,0,0,0,16,0,0,0,0,8,0,0,0,0,16,9,0,0,0,6,10,0,0,19,17,0,0,0,0,0,0,0,0,0,15,3,0,0,0,0,0,0,8,0,0,0,0,0,0,0,20,0,0,0,0,0,0,0,20,0,0,0,4,5,0,0,39,0,0,4,70,1,0,0,0,0,0,0,0,0,0,0,0,0,0,0,0,0,0,0,0,0,0,19,0,0,0,0,0,0,0,0,11,0,0,0,0,0,0,0,0,0,0,0,0,7,0,39,0,0,0,0,0,0,0,17,0,0,0,0,40,0,0,0,24,0,4,7,61,0,0,0,0,0,0,0,3,0,0,0,0,0,35,0,0,0,0,0,24,0,0,0,5,0,0,0,0,0,0,0,0,0,0,0,0,24,9,0,0,0,0,4,0,0,0,0,100,0,1,0,0,0,0,0,0,0,17,33",,,,,,,
United States,42,"0,0,0,0,0,0,0,0,0,5,0,0,42,13,0,0,0,0,0,0,6,0,0,0,0,0,0,0,0,2,0,0,0,0,0,0,0,0,41,0,0,0,0,0,16,0,0,0,0,8,0,0,0,0,16,9,0,0,0,6,10,0,0,19,17,0,0,0,0,0,0,0,0,0,15,3,0,0,0,0,0,0,8,0,0,0,0,0,0,0,20,0,0,0,0,0,0,0,20,0,0,0,4,5,0,0,39,0,0,4,70,1,0,0,0,0,0,0,0,0,0,0,0,0,0,0,0,0,0,0,0,0,0,19,0,0,0,0,0,0,0,0,11,0,0,0,0,0,0,0,0,0,0,0,0,7,0,39,0,0,0,0,0,0,0,17,0,0,0,0,40,0,0,0,24,0,4,7,61,0,0,0,0,0,0,0,3,0,0,0,0,0,35,0,0,0,0,0,24,0,0,0,5,0,0,0,0,0,0,0,0,0,0,0,0,24,9,0,0,0,0,4,0,0,0,0,100,0,1,0,0,0,0,0,0,0,17,33,42",,,,,,,
Uruguay,0,"0,0,0,0,0,0,0,0,0,5,0,0,42,13,0,0,0,0,0,0,6,0,0,0,0,0,0,0,0,2,0,0,0,0,0,0,0,0,41,0,0,0,0,0,16,0,0,0,0,8,0,0,0,0,16,9,0,0,0,6,10,0,0,19,17,0,0,0,0,0,0,0,0,0,15,3,0,0,0,0,0,0,8,0,0,0,0,0,0,0,20,0,0,0,0,0,0,0,20,0,0,0,4,5,0,0,39,0,0,4,70,1,0,0,0,0,0,0,0,0,0,0,0,0,0,0,0,0,0,0,0,0,0,19,0,0,0,0,0,0,0,0,11,0,0,0,0,0,0,0,0,0,0,0,0,7,0,39,0,0,0,0,0,0,0,17,0,0,0,0,40,0,0,0,24,0,4,7,61,0,0,0,0,0,0,0,3,0,0,0,0,0,35,0,0,0,0,0,24,0,0,0,5,0,0,0,0,0,0,0,0,0,0,0,0,24,9,0,0,0,0,4,0,0,0,0,100,0,1,0,0,0,0,0,0,0,17,33,42,0",,,,,,,
Uzbekistan,0,"0,0,0,0,0,0,0,0,0,5,0,0,42,13,0,0,0,0,0,0,6,0,0,0,0,0,0,0,0,2,0,0,0,0,0,0,0,0,41,0,0,0,0,0,16,0,0,0,0,8,0,0,0,0,16,9,0,0,0,6,10,0,0,19,17,0,0,0,0,0,0,0,0,0,15,3,0,0,0,0,0,0,8,0,0,0,0,0,0,0,20,0,0,0,0,0,0,0,20,0,0,0,4,5,0,0,39,0,0,4,70,1,0,0,0,0,0,0,0,0,0,0,0,0,0,0,0,0,0,0,0,0,0,19,0,0,0,0,0,0,0,0,11,0,0,0,0,0,0,0,0,0,0,0,0,7,0,39,0,0,0,0,0,0,0,17,0,0,0,0,40,0,0,0,24,0,4,7,61,0,0,0,0,0,0,0,3,0,0,0,0,0,35,0,0,0,0,0,24,0,0,0,5,0,0,0,0,0,0,0,0,0,0,0,0,24,9,0,0,0,0,4,0,0,0,0,100,0,1,0,0,0,0,0,0,0,17,33,42,0,0",,,,,,,
Vanuatu,0,"0,0,0,0,0,0,0,0,0,5,0,0,42,13,0,0,0,0,0,0,6,0,0,0,0,0,0,0,0,2,0,0,0,0,0,0,0,0,41,0,0,0,0,0,16,0,0,0,0,8,0,0,0,0,16,9,0,0,0,6,10,0,0,19,17,0,0,0,0,0,0,0,0,0,15,3,0,0,0,0,0,0,8,0,0,0,0,0,0,0,20,0,0,0,0,0,0,0,20,0,0,0,4,5,0,0,39,0,0,4,70,1,0,0,0,0,0,0,0,0,0,0,0,0,0,0,0,0,0,0,0,0,0,19,0,0,0,0,0,0,0,0,11,0,0,0,0,0,0,0,0,0,0,0,0,7,0,39,0,0,0,0,0,0,0,17,0,0,0,0,40,0,0,0,24,0,4,7,61,0,0,0,0,0,0,0,3,0,0,0,0,0,35,0,0,0,0,0,24,0,0,0,5,0,0,0,0,0,0,0,0,0,0,0,0,24,9,0,0,0,0,4,0,0,0,0,100,0,1,0,0,0,0,0,0,0,17,33,42,0,0,0",,,,,,,
Vatican City,0,"0,0,0,0,0,0,0,0,0,5,0,0,42,13,0,0,0,0,0,0,6,0,0,0,0,0,0,0,0,2,0,0,0,0,0,0,0,0,41,0,0,0,0,0,16,0,0,0,0,8,0,0,0,0,16,9,0,0,0,6,10,0,0,19,17,0,0,0,0,0,0,0,0,0,15,3,0,0,0,0,0,0,8,0,0,0,0,0,0,0,20,0,0,0,0,0,0,0,20,0,0,0,4,5,0,0,39,0,0,4,70,1,0,0,0,0,0,0,0,0,0,0,0,0,0,0,0,0,0,0,0,0,0,19,0,0,0,0,0,0,0,0,11,0,0,0,0,0,0,0,0,0,0,0,0,7,0,39,0,0,0,0,0,0,0,17,0,0,0,0,40,0,0,0,24,0,4,7,61,0,0,0,0,0,0,0,3,0,0,0,0,0,35,0,0,0,0,0,24,0,0,0,5,0,0,0,0,0,0,0,0,0,0,0,0,24,9,0,0,0,0,4,0,0,0,0,100,0,1,0,0,0,0,0,0,0,17,33,42,0,0,0,0",,,,,,,
Venezuela,10,"0,0,0,0,0,0,0,0,0,5,0,0,42,13,0,0,0,0,0,0,6,0,0,0,0,0,0,0,0,2,0,0,0,0,0,0,0,0,41,0,0,0,0,0,16,0,0,0,0,8,0,0,0,0,16,9,0,0,0,6,10,0,0,19,17,0,0,0,0,0,0,0,0,0,15,3,0,0,0,0,0,0,8,0,0,0,0,0,0,0,20,0,0,0,0,0,0,0,20,0,0,0,4,5,0,0,39,0,0,4,70,1,0,0,0,0,0,0,0,0,0,0,0,0,0,0,0,0,0,0,0,0,0,19,0,0,0,0,0,0,0,0,11,0,0,0,0,0,0,0,0,0,0,0,0,7,0,39,0,0,0,0,0,0,0,17,0,0,0,0,40,0,0,0,24,0,4,7,61,0,0,0,0,0,0,0,3,0,0,0,0,0,35,0,0,0,0,0,24,0,0,0,5,0,0,0,0,0,0,0,0,0,0,0,0,24,9,0,0,0,0,4,0,0,0,0,100,0,1,0,0,0,0,0,0,0,17,33,42,0,0,0,0,10",,,,,,,
Vietnam,0,"0,0,0,0,0,0,0,0,0,5,0,0,42,13,0,0,0,0,0,0,6,0,0,0,0,0,0,0,0,2,0,0,0,0,0,0,0,0,41,0,0,0,0,0,16,0,0,0,0,8,0,0,0,0,16,9,0,0,0,6,10,0,0,19,17,0,0,0,0,0,0,0,0,0,15,3,0,0,0,0,0,0,8,0,0,0,0,0,0,0,20,0,0,0,0,0,0,0,20,0,0,0,4,5,0,0,39,0,0,4,70,1,0,0,0,0,0,0,0,0,0,0,0,0,0,0,0,0,0,0,0,0,0,19,0,0,0,0,0,0,0,0,11,0,0,0,0,0,0,0,0,0,0,0,0,7,0,39,0,0,0,0,0,0,0,17,0,0,0,0,40,0,0,0,24,0,4,7,61,0,0,0,0,0,0,0,3,0,0,0,0,0,35,0,0,0,0,0,24,0,0,0,5,0,0,0,0,0,0,0,0,0,0,0,0,24,9,0,0,0,0,4,0,0,0,0,100,0,1,0,0,0,0,0,0,0,17,33,42,0,0,0,0,10,0",,,,,,,
Wallis & Futuna,0,"0,0,0,0,0,0,0,0,0,5,0,0,42,13,0,0,0,0,0,0,6,0,0,0,0,0,0,0,0,2,0,0,0,0,0,0,0,0,41,0,0,0,0,0,16,0,0,0,0,8,0,0,0,0,16,9,0,0,0,6,10,0,0,19,17,0,0,0,0,0,0,0,0,0,15,3,0,0,0,0,0,0,8,0,0,0,0,0,0,0,20,0,0,0,0,0,0,0,20,0,0,0,4,5,0,0,39,0,0,4,70,1,0,0,0,0,0,0,0,0,0,0,0,0,0,0,0,0,0,0,0,0,0,19,0,0,0,0,0,0,0,0,11,0,0,0,0,0,0,0,0,0,0,0,0,7,0,39,0,0,0,0,0,0,0,17,0,0,0,0,40,0,0,0,24,0,4,7,61,0,0,0,0,0,0,0,3,0,0,0,0,0,35,0,0,0,0,0,24,0,0,0,5,0,0,0,0,0,0,0,0,0,0,0,0,24,9,0,0,0,0,4,0,0,0,0,100,0,1,0,0,0,0,0,0,0,17,33,42,0,0,0,0,10,0,0",,,,,,,
Western Sahara,0,"0,0,0,0,0,0,0,0,0,5,0,0,42,13,0,0,0,0,0,0,6,0,0,0,0,0,0,0,0,2,0,0,0,0,0,0,0,0,41,0,0,0,0,0,16,0,0,0,0,8,0,0,0,0,16,9,0,0,0,6,10,0,0,19,17,0,0,0,0,0,0,0,0,0,15,3,0,0,0,0,0,0,8,0,0,0,0,0,0,0,20,0,0,0,0,0,0,0,20,0,0,0,4,5,0,0,39,0,0,4,70,1,0,0,0,0,0,0,0,0,0,0,0,0,0,0,0,0,0,0,0,0,0,19,0,0,0,0,0,0,0,0,11,0,0,0,0,0,0,0,0,0,0,0,0,7,0,39,0,0,0,0,0,0,0,17,0,0,0,0,40,0,0,0,24,0,4,7,61,0,0,0,0,0,0,0,3,0,0,0,0,0,35,0,0,0,0,0,24,0,0,0,5,0,0,0,0,0,0,0,0,0,0,0,0,24,9,0,0,0,0,4,0,0,0,0,100,0,1,0,0,0,0,0,0,0,17,33,42,0,0,0,0,10,0,0,0",,,,,,,
Yemen,0,"0,0,0,0,0,0,0,0,0,5,0,0,42,13,0,0,0,0,0,0,6,0,0,0,0,0,0,0,0,2,0,0,0,0,0,0,0,0,41,0,0,0,0,0,16,0,0,0,0,8,0,0,0,0,16,9,0,0,0,6,10,0,0,19,17,0,0,0,0,0,0,0,0,0,15,3,0,0,0,0,0,0,8,0,0,0,0,0,0,0,20,0,0,0,0,0,0,0,20,0,0,0,4,5,0,0,39,0,0,4,70,1,0,0,0,0,0,0,0,0,0,0,0,0,0,0,0,0,0,0,0,0,0,19,0,0,0,0,0,0,0,0,11,0,0,0,0,0,0,0,0,0,0,0,0,7,0,39,0,0,0,0,0,0,0,17,0,0,0,0,40,0,0,0,24,0,4,7,61,0,0,0,0,0,0,0,3,0,0,0,0,0,35,0,0,0,0,0,24,0,0,0,5,0,0,0,0,0,0,0,0,0,0,0,0,24,9,0,0,0,0,4,0,0,0,0,100,0,1,0,0,0,0,0,0,0,17,33,42,0,0,0,0,10,0,0,0,0",,,,,,,
Zambia,0,"0,0,0,0,0,0,0,0,0,5,0,0,42,13,0,0,0,0,0,0,6,0,0,0,0,0,0,0,0,2,0,0,0,0,0,0,0,0,41,0,0,0,0,0,16,0,0,0,0,8,0,0,0,0,16,9,0,0,0,6,10,0,0,19,17,0,0,0,0,0,0,0,0,0,15,3,0,0,0,0,0,0,8,0,0,0,0,0,0,0,20,0,0,0,0,0,0,0,20,0,0,0,4,5,0,0,39,0,0,4,70,1,0,0,0,0,0,0,0,0,0,0,0,0,0,0,0,0,0,0,0,0,0,19,0,0,0,0,0,0,0,0,11,0,0,0,0,0,0,0,0,0,0,0,0,7,0,39,0,0,0,0,0,0,0,17,0,0,0,0,40,0,0,0,24,0,4,7,61,0,0,0,0,0,0,0,3,0,0,0,0,0,35,0,0,0,0,0,24,0,0,0,5,0,0,0,0,0,0,0,0,0,0,0,0,24,9,0,0,0,0,4,0,0,0,0,100,0,1,0,0,0,0,0,0,0,17,33,42,0,0,0,0,10,0,0,0,0,0",,,,,,,
Zimbabwe,0,"0,0,0,0,0,0,0,0,0,5,0,0,42,13,0,0,0,0,0,0,6,0,0,0,0,0,0,0,0,2,0,0,0,0,0,0,0,0,41,0,0,0,0,0,16,0,0,0,0,8,0,0,0,0,16,9,0,0,0,6,10,0,0,19,17,0,0,0,0,0,0,0,0,0,15,3,0,0,0,0,0,0,8,0,0,0,0,0,0,0,20,0,0,0,0,0,0,0,20,0,0,0,4,5,0,0,39,0,0,4,70,1,0,0,0,0,0,0,0,0,0,0,0,0,0,0,0,0,0,0,0,0,0,19,0,0,0,0,0,0,0,0,11,0,0,0,0,0,0,0,0,0,0,0,0,7,0,39,0,0,0,0,0,0,0,17,0,0,0,0,40,0,0,0,24,0,4,7,61,0,0,0,0,0,0,0,3,0,0,0,0,0,35,0,0,0,0,0,24,0,0,0,5,0,0,0,0,0,0,0,0,0,0,0,0,24,9,0,0,0,0,4,0,0,0,0,100,0,1,0,0,0,0,0,0,0,17,33,42,0,0,0,0,10,0,0,0,0,0,0",,,,,,,